book_id,title,author,author_last_first,additional_Authors,isbn,isbn13,my_rating,publisher,binding,number_of_pages,year_published,original_publication_year,date_read,date_added,bookshelves,bookshelves_with_positions,read_status,my_review,spoiler,private_notes,read_count,owned_copies
10427352,Wide Sargasso Sea,Jean Rhys,"Rhys, Jean",,"=""0241951550""","=""9780241951552""",0,Penguin,Paperback,152,2011,1966,2026/04/21,2026/04/21,,,read,,,,1,0
17188744,An Abundance of Katherines,John  Green,"Green, John",,"=""""","=""""",3,Penguin Books Ltd,Paperback,226,2012,2006,2020/09/17,2015/04/08,young-adult,young-adult (#44),read,,,,1,1
58959523,Project Hail Mary,Andy Weir,"Weir, Andy",,"=""1529157463""","=""9781529157468""",0,Penguin,Paperback,476,2022,2021,2026/04/03,2026/04/03,,,read,,,,1,0
24947841,The Post-Birthday World,Lionel Shriver,"Shriver, Lionel",,"=""0007578032""","=""9780007578030""",0,Harper Collins,Paperback,608,2015,2007,,2026/03/15,did-not-finish,did-not-finish (#1),did-not-finish,,,,1,0
1184390,Starter for Ten,David Nicholls,"Nicholls, David",,"=""0340734876""","=""9780340734872""",4,Hodder,Paperback,362,2004,2003,2020/04/10,2015/05/28,,,read,,,,1,0
231874971,All the Best for the Future: Growing Up Without Growing Old,Greg James,"James, Greg",,"=""""","=""""",0,Ebury Digital,Audible Audio,,2025,,2026/01/31,2026/01/31,,,read,,,,1,0
216148977,"Heated Rivalry (Game Changers, #2)",Rachel Reid,"Reid, Rachel",,"=""1335534636""","=""9781335534637""",0,Carina Press,Paperback,368,2024,2019,2026/01/03,2026/01/03,,,read,,,,1,0
29845906,Nevernight (The Nevernight Chronicle #1),Jay Kristoff,"Kristoff, Jay",,"=""0008179999""","=""9780008179991""",4,HarperVoyager,Paperback,448,2016,2016,2016/12/23,2016/11/30,"fantasy, young-adult","fantasy (#61), young-adult (#65)",read,,,,1,0
230835165,All the Colours of the Dark,Chris  Whitaker,"Whitaker, Chris",,"=""1398707678""","=""9781398707672""",0,Orion,Paperback,580,2025,2024,2025/11/07,2025/11/02,,,read,,,,1,0
222532978,"Sunbringer (Fallen Gods, #2)",Hannah Kaner,"Kaner, Hannah",,"=""0008521557""","=""9780008521554""",0,Harper Collins Publishers,Paperback,370,2025,2024,,2025/11/02,currently-reading,currently-reading (#4),currently-reading,,,,1,0
17157434,"Howl's Moving Castle (Howl's Moving Castle, #1)",Diana Wynne Jones,"Jones, Diana Wynne",,"=""""","=""""",0,Harper Collins Children's eBooks,Kindle Edition,320,2012,1986,,2025/11/02,currently-reading,currently-reading (#3),currently-reading,,,,1,0
203956677,Buried Deep and Other Stories,Naomi Novik,"Novik, Naomi",,"=""0593600355""","=""9780593600351""",0,Del Rey,Hardcover,430,2024,2024,,2025/11/02,currently-reading,currently-reading (#2),currently-reading,,,,1,0
217861692,poyums,Len Pennie,"Pennie, Len",,"=""1837260214""","=""9781837260218""",0,Canongate Books,Paperback,128,2025,2024,2025/11/02,2025/11/02,,,read,,,,1,0
61099590,"The Undertaking of Hart and Mercy (Hart and Mercy, #1)",Megan Bannen,"Bannen, Megan",,"=""0356518663""","=""9780356518664""",0,"Little, Brown Book Group",Paperback,448,2022,2022,2025/11/02,2025/11/02,,,read,,,,1,0
137969758,"The Adventures of Amina al-Sirafi (Amina al-Sirafi, #1)",Shannon Chakraborty,"Chakraborty, Shannon",,"=""0008615241""","=""9780008615246""",0,Harper Voyagers,Hardcover,471,2023,2023,2025/07/15,2025/07/14,,,read,,,,1,0
223747542,Voyage of the Damned,Frances   White,"White, Frances",,"=""1405956593""","=""9781405956598""",0,Penguin Books Ltd,Paperback,496,2025,2024,2025/06/02,2025/06/02,,,read,,,,1,0
134915247,Babel,R.F. Kuang,"Kuang, R.F.",,"=""0008501858""","=""9780008501853""",0,HarperCollins ,Paperback,546,2023,2022,2025/05/25,2024/12/24,,,read,,,,1,0
21956219,"Assassin's Apprentice (Farseer Trilogy, #1)",Robin Hobb,"Hobb, Robin",,"=""000756225X""","=""9780007562251""",0,Harper Voyager,Paperback,392,2014,1995,2025/05/23,2025/05/11,,,read,,,,1,0
216523504,Here One Moment,Liane Moriarty,"Moriarty, Liane",,"=""0241396115""","=""9780241396117""",0,PENGUIN,Paperback,488,2024,2024,2025/05/11,2025/05/11,,,read,,,,1,0
199534613,Margo's Got Money Troubles,Rufi Thorpe,"Thorpe, Rufi",,"=""0063356589""","=""9780063356580""",0,William Morrow,Hardcover,304,2024,2024,2025/05/11,2025/05/11,,,read,,,,1,0
28412145,"The Long Way to a Small, Angry Planet (Wayfarers, #1)",Becky Chambers,"Chambers, Becky",,"=""1473619815""","=""9781473619814""",0,Hodder,Paperback,404,2015,2014,2025/02/13,2025/02/13,,,read,,,,1,0
220362300,The Wedding People,Alison Espach,"Espach, Alison",,"=""1399622730""","=""9781399622738""",0,Phoenix (an Imprint of The Orion Publishing Group,Hardcover,384,2024,2024,2025/01/30,2025/01/25,,,read,,,,1,0
56449420,"The Ballad of Songbirds and Snakes (The Hunger Games, #0)",Suzanne Collins,"Collins, Suzanne",,"=""0702309516""","=""9780702309519""",0,Scholastic,Paperback,517,2021,2020,2025/01/12,2024/10/08,,,read,,,,1,0
75254208,Winter Garden,Kristin Hannah,"Hannah, Kristin",,"=""1529089573""","=""9781529089578""",0,Pan Books,Paperback,416,2022,2010,2024/12/12,2024/12/07,,,read,,,,1,0
58311985,Fourteen Days,Margaret Atwood,"Atwood, Margaret","Douglas Preston, Charlie Jane Anders, Joseph Cassara, Angie Cruz, Pat Cummings, Sylvia Day, Emma Donoghue, Dave Eggers, Diana Gabaldon, Jennine Capó Crucet, Tess Gerritsen, John Grisham, María Hinojosa, Mira Jacob, Erica Jong, C.J. Lyons, Celeste Ng, Tommy Orange, Mary Pope Osborne, Alice Randall, Ishmael Reed, Roxana Robinson, Nelly Rosario, James Shapiro, Hampton Sides, R.L. Stine, Nafissa Thompson-Spires, Monique Truong, Scott Turow, Luis Alberto Urrea, Rachel Vail, Weike Want, Caroline Randall Williams, De'Shawn Charles Winslow, Meg Wolitzer","=""0358616387""","=""9780358616382""",0,Harper,Hardcover,363,2024,2024,2024/11/07,2024/10/26,,,read,,,,1,0
768889,"A Storm of Swords: Steel and Snow (A Song of Ice and Fire, #3.1)",George R.R. Martin,"Martin, George R.R.",,"=""0006479901""","=""9780006479901""",4,HarperVoyager,Paperback,663,2001,2000,2013/08/31,2015/04/08,fantasy,fantasy (#43),read,,,,1,1
156916731,"Godkiller (Fallen Gods, #1)",Hannah Kaner,"Kaner, Hannah",,"=""0008521506""","=""9780008521509""",0,Harper Voyager,Paperback,290,2024,2023,2024/10/07,2024/10/07,,,read,,,,1,0
59366244,I'm Glad My Mom Died,Jennette McCurdy,"McCurdy, Jennette",,"=""1982185821""","=""9781982185824""",0,Simon & Schuster,Hardcover,304,2022,2022,2024/09/08,2024/09/06,,,read,,,,1,0
206014643,"Fourth Wing (The Empyrean, #1)",Rebecca Yarros,"Yarros, Rebecca",,"=""0349437017""","=""9780349437019""",0,Piatkus,Paperback,561,2024,2023,2024/08/28,2024/08/28,,,read,,,,1,0
123284379,"The Golden Enclaves (The Scholomance, #3)",Naomi Novik,"Novik, Naomi",,"=""1529100933""","=""9781529100938""",0,Penguin (Cornerstone),Paperback,405,2023,2022,2024/08/24,2024/08/22,,,read,,,,1,0
57507862,Piranesi,Susanna Clarke,"Clarke, Susanna",,"=""1526622432""","=""9781526622433""",0,Bloomsbury Publishing,Paperback,245,2021,2020,2024/08/22,2024/08/21,,,read,,,,1,0
13337715,"A Dance with Dragons 1: Dreams and Dust (A Song of Ice and Fire, #5, Part 1 of 2)",George R.R. Martin,"Martin, George R.R.",,"=""""","=""""",3,HarperVoyager,Paperback,690,2012,2011,2015/03/23,2015/04/08,fantasy,fantasy (#48),read,,,,1,1
24874296,Gooseberries,Anton Chekhov,"Chekhov, Anton",,"=""0141397098""","=""9780141397092""",3,Penguin Classics,Paperback,55,2015,1898,2017/10/12,2017/10/11,,,read,,,,1,0
61242280,Lessons in Chemistry,Bonnie Garmus,"Garmus, Bonnie",,"=""""","=""""",0,Penguin UK,Mass Market Paperback,390,2023,2022,,2024/07/16,,,read,,,,2,0
203382697,"A Curse For True Love (Once Upon a Broken Heart, #3)",Stephanie Garber,"Garber, Stephanie",,"=""1529399327""","=""9781529399325""",0,HACHETTE INTL,Paperback,385,2024,2023,2024/07/02,2024/06/30,,,read,,,,1,0
156916732,"The Ballad of Never After (Once Upon a Broken Heart, #2)",Stephanie Garber,"Garber, Stephanie",,"=""""","=""""",0,Hodder & Stoughton,Paperback,403,2023,2022,2024/06/23,2024/06/23,,,read,,,,1,0
60718856,"Once Upon a Broken Heart (Once Upon a Broken Heart, #1)",Stephanie Garber,"Garber, Stephanie",,"=""1529380944""","=""9781529380941""",0,Hodder Paperbacks,Paperback,408,2022,2021,2024/06/21,2024/06/21,,,read,,,,1,0
209220917,Butter,Asako Yuzuki,"Yuzuki, Asako",Polly Barton,"=""0008511683""","=""9780008511685""",0,Fourth Estate,Paperback,452,2024,2017,2024/06/21,2024/06/04,,,read,,,,1,0
61279991,The Invisible Life of Addie LaRue,V.E. Schwab,"Schwab, V.E.",,"=""1789098750""","=""9781789098754""",0,Titan Books,Paperback,541,2023,2020,2024/05/05,2024/04/28,,,read,,,,1,0
43191074,Empress of All Seasons,Emiko Jean,"Jean, Emiko",,"=""1407251384""","=""9781407251387""",0,Gollancz,Hardcover,366,2018,2018,2024/04/26,2024/04/14,,,read,,,,1,0
18161930,"American Gods (American Gods, #1)",Neil Gaiman,"Gaiman, Neil",,"=""""","=""""",4,headline,Paperback,722,2013,2001,2019/04/13,2018/10/19,,,read,,,,1,0
39909491,The Bullet Journal Method,Ryder Carroll,"Carroll, Ryder",,"=""0008261377""","=""9780008261375""",0,Fourth Estate,Hardcover,311,2018,2018,2019/03/07,2018/10/31,,,read,,,,1,0
59350162,"Tomorrow, and Tomorrow, and Tomorrow",Gabrielle Zevin,"Zevin, Gabrielle",,"=""1784744646""","=""9781784744649""",0,Chatto & Windus,Hardcover,401,2022,2022,2024/04/01,2023/10/23,,,read,,,,1,0
24874311,A Simple Heart,Gustave Flaubert,"Flaubert, Gustave",,"=""0141397500""","=""9780141397504""",4,Penguin Classics,Paperback,56,2015,1877,2015/11/16,2015/11/16,little-black-classics,little-black-classics (#3),read,,,,1,0
11785598,"The Amber Spyglass (His Dark Materials, #3)",Philip Pullman,"Pullman, Philip",,"=""1407130242""","=""9781407130248""",0,Scholastic,Paperback,522,2011,2000,2023/10/21,2023/04/10,,,read,,,,1,0
11603298,"The Subtle Knife (His Dark Materials, #2)",Philip Pullman,"Pullman, Philip",,"=""1407130234""","=""9781407130231""",0,Scholastic,Paperback,325,2011,1997,2023/04/10,2023/01/23,,,read,,,,1,0
12699042,"Northern Lights (His Dark Materials, #1)",Philip Pullman,"Pullman, Philip",,"=""1407130226""","=""9781407130224""",0,Scholastic India,Paperback,397,2011,1995,2023/01/23,2023/01/02,,,read,,,,1,0
36048256,"A Court of Frost and Starlight (A Court of Thorns and Roses, #3.5)",Sarah J. Maas,"Maas, Sarah J.",,"=""1408890321""","=""9781408890325""",0,Bloomsbury,Paperback,229,2018,2018,2018/05/24,2018/05/19,,,read,,,,2,0
23766634,"A Court of Wings and Ruin (A Court of Thorns and Roses, #3)",Sarah J. Maas,"Maas, Sarah J.",,"=""1408857901""","=""9781408857908""",0,Bloomsbury Publishing,Paperback,705,2017,2017,2022/12/29,2017/05/08,,,read,,,,2,0
23766623,"A Court of Mist and Fury (A Court of Thorns and Roses, #2)",Sarah J. Maas,"Maas, Sarah J.",,"=""140885788X""","=""9781408857885""",0,Bloomsbury Publishing,Paperback,626,2016,2016,2016/07/25,2016/07/23,"fantasy, young-adult, romance","fantasy (#55), young-adult (#57), romance (#38)",read,,,,2,0
22839894,"A Court of Thorns and Roses (A Court of Thorns and Roses, #1)",Sarah J. Maas,"Maas, Sarah J.",,"=""1408857863""","=""9781408857861""",0,Bloomsbury Publishing,Paperback,419,2015,2015,2016/03/15,2016/03/06,"young-adult, fantasy","young-adult (#53), fantasy (#52)",read,,,,2,0
59696546,The River of Silver (Daevabad Trilogy),S.A. Chakraborty,"Chakraborty, S.A.",,"=""0008518416""","=""9780008518417""",0,HarperVoyager,Hardcover,241,2022,2022,2022/12/18,2022/11/23,,,read,,,,1,0
44421460,"Before the Coffee Gets Cold (Before the Coffee Gets Cold, #1)",Toshikazu Kawaguchi,"Kawaguchi, Toshikazu",Geoffrey Trousselot,"=""1529029589""","=""9781529029581""",0,Picador,Paperback,213,2019,2015,2022/11/23,2022/11/08,,,read,,,,1,0
59530450,"Truth of the Divine (Noumena, #2)",Lindsay  Ellis,"Ellis, Lindsay",,"=""1789098246""","=""9781789098242""",0,Titan Books,Paperback,535,2021,2021,2022/11/12,2022/11/07,,,read,,,,1,0
58784070,The God of Lost Words (Hell's Library #3),A.J. Hackwith,"Hackwith, A.J.",,"=""178909321X""","=""9781789093216""",0,Titan Books,Paperback,360,2022,2021,2022/07/21,2022/07/18,,,read,,,,1,0
58757673,"The Last Graduate (The Scholomance, #2)",Naomi Novik,"Novik, Naomi",,"=""1529100909""","=""9781529100907""",0,RANDOM HOUSE UK,Paperback,388,2022,2021,2022/07/17,2022/07/16,,,read,,,,1,0
58796609,Axiom's End (Noumena #1),Lindsay  Ellis,"Ellis, Lindsay",,"=""178909531X""","=""9781789095319""",0,Titan Books,Paperback,470,2021,2020,2022/06/11,2022/06/10,,,read,,,,1,0
24874305,The Old Nurse's Story,Elizabeth Gaskell,"Gaskell, Elizabeth",,"=""0141397373""","=""9780141397375""",0,Penguin Classics,Paperback,53,2015,1860,2022/06/10,2015/05/29,,,read,,,,1,0
24874326,Lord Arthur Savile's Crime,Oscar Wilde,"Wilde, Oscar",,"=""0141397780""","=""9780141397788""",5,Penguin Classics,Paperback,50,2015,1887,2017/10/07,2015/05/29,,,read,,,,1,0
41045102,Circe,Madeline Miller,"Miller, Madeline",,"=""1408890046""","=""9781408890042""",0,Bloomsbury Publishing,Paperback,337,2019,2018,2022/04/27,2019/04/13,,,read,,,,1,0
58590219,A Beautifully Foolish Endeavor,Hank Green,"Green, Hank",,"=""1473224241""","=""9781473224247""",0,Trapeze,Paperback,464,2021,2020,2022/03/04,2022/02/19,,,read,,,,1,0
460334,"Priestess of the White (Age of the Five, #1)",Trudi Canavan,"Canavan, Trudi",,"=""1841495158""","=""9781841495156""",0,EOS Fantasy,Paperback,688,2006,2005,2022/02/13,2022/01/23,,,read,,,,1,0
7972206,"Knocked Out by My Nunga-Nungas (Confessions of Georgia Nicolson, #3)",Louise Rennison,"Rennison, Louise",,"=""0007824831""","=""9780007824830""",0,Harper Collins Children's Books,Paperback,208,2006,2001,2022/01/22,2022/01/18,,,read,,,,1,0
24874328,Mrs Rosie and the Priest,Giovanni Boccaccio,"Boccaccio, Giovanni",Peter Hainsworth,"=""0141397829""","=""9780141397825""",0,Penguin Classics,Paperback,54,2015,1353,2022/01/15,2022/01/15,,,read,,,,1,0
53152636,Mexican Gothic,Silvia Moreno-Garcia,"Moreno-Garcia, Silvia",,"=""0525620788""","=""9780525620785""",0,Del Rey,Hardcover,320,2020,2020,2022/01/14,2020/11/08,,,read,,,,1,0
42730332,The Starless Sea,Erin Morgenstern,"Morgenstern, Erin",,"=""1910701459""","=""9781910701454""",0,Harvill Secker,Hardcover,498,2019,2019,2022/01/06,2022/01/03,,,read,,,,1,0
34730177,Burning Chrome,William Gibson,"Gibson, William",Bruce Sterling,"=""147321744X""","=""9781473217447""",0,Gollancz,Paperback,204,2017,1986,2022/01/02,2021/09/08,,,read,,,,1,0
50898148,Fangs,Sarah Andersen,"Andersen, Sarah",,"=""1524860670""","=""9781524860677""",0,Andrews McMeel Publishing,Hardcover,100,2020,2020,2022/01/01,2022/01/01,,,read,,,,1,0
40644465,"The Realms of the Gods (The Immortals, #4)",Tamora Pierce,"Pierce, Tamora",,"=""0008304165""","=""9780008304164""",0,HarperVoyager,Paperback,240,2018,1996,2021/12/10,2021/12/04,,,read,,,,1,0
40644450,"Emperor Mage (The Immortals, #3)",Tamora Pierce,"Pierce, Tamora",,"=""0008304130""","=""9780008304133""",0,HarperVoyager,Paperback,256,2018,1995,2021/12/02,2021/11/22,,,read,,,,1,0
52674536,"The Library of the Unwritten (Hell's Library, #1)",A.J. Hackwith,"Hackwith, A.J.",,"=""1789093171""","=""9781789093179""",4,Titan Books (UK),Paperback,442,2020,2019,2021/09/05,2021/08/28,,,read,,,,1,0
56252494,Duck Feet,Ely Percy,"Percy, Ely",,"=""1916117929""","=""9781916117921""",5,Monstrous Regiment Publishing Ltd,Paperback,391,2021,2021,2021/08/27,2021/07/20,,,read,,,,1,0
55778142,"A Deadly Education (The Scholomance, #1)",Naomi Novik,"Novik, Naomi",,"=""1529100879""","=""9781529100877""",0,DelRey Books,Paperback,313,2021,2020,2021/07/15,2021/07/14,,,read,,,,1,0
57638749,"The Empire of Gold (The Daevabad Trilogy, #3)",S.A. Chakraborty,"Chakraborty, S.A.",,"=""0008239525""","=""9780008239527""",5,Harper Voyager,Paperback,752,2021,2020,2021/07/11,2021/07/06,,,read,,,,1,0
38212119,The Odyssey,Homer,"Homer, Homer",Emily Wilson,"=""0393356256""","=""9780393356250""",5,W. W. Norton & Company,Paperback,582,2018,-800,2021/07/05,2021/05/22,,,read,,,,1,0
820689,The Handmaid's Tale,Margaret Atwood,"Atwood, Margaret",,"=""""","=""""",5,Vintage Books,Paperback,324,2007,1985,2021/05/22,2021/05/04,,,read,,,,1,0
42073914,"Vengeful (Villains, #2)",V.E. Schwab,"Schwab, V.E.",,"=""1789090776""","=""9781789090772""",4,Titan Books,Hardcover,575,,2018,2019/07/20,2019/07/04,,,read,,,,1,0
864762,"It's OK, I'm Wearing Really Big Knickers (Confessions of Georgia Nicolson, #2)",Louise Rennison,"Rennison, Louise",,"=""0007218680""","=""9780007218684""",4,HarperCollins Children's Books,Paperback,208,2006,2000,2021/04/21,2021/03/18,,,read,,,,1,0
864759,"Angus, Thongs and Full-Frontal Snogging (Confessions of Georgia Nicolson, #1)",Louise Rennison,"Rennison, Louise",,"=""0007218672""","=""9780007218677""",4,Harper Collins Children's Books,Paperback,237,2005,1999,2021/03/14,2021/03/13,,,read,,,,1,0
20662248,Faces in the Crowd,Valeria Luiselli,"Luiselli, Valeria",Christina MacSweeney,"=""1847085075""","=""9781847085078""",3,Granta Books,Paperback,160,2013,2011,2021/03/13,2015/05/28,,,read,,,,1,0
25489629,The Art of the Lord of the Rings,Wayne G. Hammond,"Hammond, Wayne G.","Christina Scull, J.R.R. Tolkien","=""0008105758""","=""9780008105754""",3,HarperCollins Publishers,Hardcover Slipcase,240,2015,2015,2021/03/10,2021/02/14,,,read,,,,1,0
727810,"The Return of the King (The Lord of the Rings, #3)",J.R.R. Tolkien,"Tolkien, J.R.R.",,"=""""","=""""",5,HarperCollins Publishers,Paperback,595,1999,1955,2021/02/14,2015/04/08,"classics, fantasy, favourites","classics (#8), fantasy (#3), favourites (#6)",read,,,,4,1
55586624,Building an Effective Dev Portfolio,Joshua Comeau,"Comeau, Joshua",,"=""""","=""""",0,,ebook,62,,,,2020/12/10,,,read,,,,1,0
50776459,Shape Up: Stop Running in Circles and Ship Work that Matters,Ryan Singer,"Singer, Ryan",Jason Fried,"=""""","=""""",3,Basecamp,ebook,133,2019,2019,2020/12/06,2020/07/14,,,read,,,,1,0
727800,"The Two Towers (The Lord of the Rings, #2)",J.R.R. Tolkien,"Tolkien, J.R.R.",,"=""""","=""""",5,HarperCollins Publishers,Paperback,464,1999,1954,2020/12/03,2015/04/08,"classics, fantasy, favourites","classics (#7), fantasy (#2), favourites (#5)",read,,,,4,1
727798,"The Fellowship of the Ring (The Lord of the Rings, #1)",J.R.R. Tolkien,"Tolkien, J.R.R.",,"=""""","=""""",5,HarperCollins Publishers,Paperback,566,1999,1954,2020/10/30,2015/04/08,"fantasy, classics, favourites","fantasy (#1), classics (#6), favourites (#3)",read,,,,4,1
24874334,Olalla,Robert Louis Stevenson,"Stevenson, Robert Louis",,"=""0141397969""","=""9780141397962""",3,Penguin Classics,Paperback,57,2015,1885,2017/12/28,2017/12/27,,,read,,,,1,0
24874339,The Wife of Bath,Geoffrey Chaucer,"Chaucer, Geoffrey",Nevill Coghill,"=""0141398094""","=""9780141398099""",5,Penguin Classics,Paperback,51,2015,1372,2016/07/13,2016/07/10,little-black-classics,little-black-classics (#9),read,,,,1,0
24874310,The Meek One,Fyodor Dostoevsky,"Dostoevsky, Fyodor",,"=""0141397489""","=""9780141397481""",4,Penguin Classics,Paperback,57,2015,1876,2016/05/23,2015/05/28,little-black-classics,little-black-classics (#6),read,,,,1,0
35839460,"The Kingdom of Copper (The Daevabad Trilogy, #2)",S.A. Chakraborty,"Chakraborty, S.A.",,"=""0008239452""","=""9780008239459""",5,Harper Voyager,Paperback,640,2019,2019,2020/09/02,2018/01/06,,,read,I need it. I need it now. ,,,1,0
51962720,Because Internet: Understanding how language is changing,Gretchen McCulloch,"McCulloch, Gretchen",,"=""1529112826""","=""9781529112825""",4,Vintage,Paperback,328,2020,2019,2020/08/09,2020/07/11,,,read,,,,1,0
40643691,"Wolf-Speaker (The Immortals, #2)",Tamora Pierce,"Pierce, Tamora",,"=""0008304106""","=""9780008304102""",3,HarperVoyager,Paperback,256,2018,1993,2020/07/08,2020/06/27,,,read,,,,1,0
45274099,"An Absolutely Remarkable Thing (An Absolutely Remarkable Thing, #1)",Hank Green,"Green, Hank",,"=""1473224209""","=""9781473224209""",4,Trapeze,Paperback,352,2019,2018,2020/06/25,2020/05/31,,,read,,,,1,0
24874307,The Yellow Wall-Paper,Charlotte Perkins Gilman,"Gilman, Charlotte Perkins",,"=""0141397411""","=""9780141397412""",5,Penguin ,Paperback,54,2015,1892,2017/09/05,2015/05/28,,,read,,,,1,0
9389798,The Little Book of Wine Tips,Andrew Langley,"Langley, Andrew",,"=""1904573312""","=""9781904573319""",4,Absolute Press,Paperback,112,2005,2005,2020/05/29,2020/05/29,,,read,,,,1,0
40245976,"The Priory of the Orange Tree (The Roots of Chaos, #1)",Samantha Shannon,"Shannon, Samantha",,"=""1408883465""","=""9781408883464""",5,Bloomsbury Circus,Hardcover,830,2019,2019,2020/05/29,2020/04/10,,,read,,,,1,0
45888827,"The Bi-ble: An Anthology of Personal Essays About Bisexuality (The Bi-ble, #1)",Lauren Nickodemus,"Nickodemus, Lauren",,"=""""","=""""",5,Monstrous Regiment Publishing Ltd,Paperback,196,2019,2019,2020/05/28,2020/04/19,,,read,,,,1,0
24702424,"Caligula (The Lives of the Twelve Caesars, #4)",Suetonius,"Suetonius, Suetonius",,"=""0141397926""","=""9780141397924""",2,Penguin Classics,Paperback,58,2015,2014,2020/04/13,2020/04/13,,,read,,,,1,0
27191166,The Vegetarian,Han Kang,"Kang, Han",Deborah     Smith,"=""""","=""""",5,Portobello,Paperback,216,2016,2007,2020/03/11,2018/01/19,,,read,,,,1,0
43093418,"Wild Magic (Immortals, #1)",Tamora Pierce,"Pierce, Tamora",,"=""0007976895""","=""9780007976898""",3,HarperVoyager,Paperback,226,2018,1992,2020/02/24,2020/02/16,,,read,,,,1,0
18665033,"The Gospel of Loki (Loki, #1)",Joanne M. Harris,"Harris, Joanne M.",Joanne Harris,"=""1473202353""","=""9781473202351""",3,Gollancz,Hardcover,302,2014,2014,2020/02/12,2015/05/17,,,read,,,,1,0
36494117,Why I'm No Longer Talking to White People About Race,Reni Eddo-Lodge,"Eddo-Lodge, Reni",,"=""1408870584""","=""9781408870587""",5,Bloomsbury Publishing,Paperback,270,2018,2017,2018/06/22,2018/06/04,,,read,,,,2,0
642952,Japanese Tales,Royall  Tyler,"Tyler, Royall",,"=""""","=""""",0,Pantheon,Paperback,341,2002,1980,,2015/04/08,"fantasy, folklore, short-stories, currently-reading","fantasy (#18), folklore (#1), short-stories (#1), currently-reading (#1)",currently-reading,,,,1,1
39776314,Lifel1k3 (Lifelike #1),Jay Kristoff,"Kristoff, Jay",,"=""0008301360""","=""9780008301361""",4,Harper Voyager,Paperback,402,2018,2018,2020/01/19,2020/01/03,,,read,,,,1,0
24874350,Travels in the Land of Serpents and Pearls,Marco Polo,"Polo, Marco",,"=""0141398353""","=""9780141398358""",4,Penguin Classics,Paperback,57,2015,1298,2020/01/18,2020/01/19,,,read,,,,2,0
43116214,Moder Dy = Mother Wave,Roseanne Watt,"Watt, Roseanne",,"=""1846974879""","=""9781846974878""",5,Polygon,Mass Market Paperback,64,2019,2019,2020/01/17,2019/06/29,,,read,,,,1,0
23573418,I'll Give You the Sun,Jandy Nelson,"Nelson, Jandy",,"=""1406326496""","=""9781406326499""",5,Walker Books,Paperback,432,2015,2014,2019/12/29,2019/12/23,,,read,,,,1,0
38231097,"The Memory of Fire (The Waking Land, #2)",Callie Bates,"Bates, Callie",,"=""1473638828""","=""9781473638822""",3,Hodder Paperback,Paperback,448,2019,2018,2019/11/13,2019/11/04,,,read,,,,1,0
36531579,"The Smoke Thieves (The Smoke Thieves, #1)",Sally Green,"Green, Sally",,"=""0141375396""","=""9780141375397""",3,PENGUIN,Paperback,512,2018,2018,2018/04/25,2018/04/18,,,read,,,,1,0
39281503,"Darkdawn (The Nevernight Chronicle, #3)",Jay Kristoff,"Kristoff, Jay",,"=""0008180083""","=""9780008180089""",4,HarperVoyager,Hardcover,512,2019,2019,2019/11/04,2019/09/08,,,read,,,,1,0
38898402,Nimona,N.D. Stevenson,"Stevenson, N.D.",,"=""""","=""""",5,HarperTeen,Kindle Edition,272,2015,2015,2017/04/17,2015/04/08,,,read,,,,1,0
28370535,Captain America: Winter Soldier,Ed Brubaker,"Brubaker, Ed","Steve Epting, Michael Lark","=""1846535794""","=""9781846535796""",4,Panini UK,Paperback,304,2014,2010,2015/11/14,2015/10/01,comics,comics (#8),read,"Seeing the details of the Project: Winter Soldier files written in such a brutally detached manner slowly destroyed me. But I expected that. <br/><br/>What I really enjoyed is the less polished ""Hollywood"" aesthetic and characterisation compared with the MCU. MCU's Steve and Bucky both come across as these pure, good souls that have traversed horrifyingly tragic paths in their lives. This, however, presents a Steve who knows that sometimes methods of questionable morality are the only way forward in war and carries the burden of such sacrifices. And Bucky's job from the beginning was to fight dirty and sneak around in the shadows to stab the enemy in the back. <br/><br/>There are darker edges in the good guys that Hydra are not responsible for. It makes for a more interesting moral battleground, and a more believable war. ",,,1,0
38606192,Spinning Silver,Naomi Novik,"Novik, Naomi",,"=""1509899014""","=""9781509899012""",4,Pan Macmillan,Hardcover,466,2018,2018,2019/07/27,2019/07/21,,,read,,,,1,0
8733324,Delusions of Gender: The Real Science behind Sex Differences,Cordelia Fine,"Fine, Cordelia",,"=""1848312202""","=""9781848312203""",5,Icon Books Company,Paperback,338,2011,2010,2019/07/03,2019/04/24,,,read,,,,1,0
15984379,Captain America: The Death of Captain America,Ed Brubaker,"Brubaker, Ed","Mike Perkins, Jackson Guice","=""0785183795""","=""9780785183792""",5,Marvel Universe,Paperback,568,2013,2013,2017/11/13,2017/11/12,,,read,,,,1,0
36389267,A Thousand Perfect Notes,C.G. Drews,"Drews, C.G.",,"=""1408349906""","=""9781408349908""",3,Orchard Books,Paperback,282,2018,2018,2019/04/24,2019/04/24,,,read,,,,2,0
18248613,"Warm Up  (Villains, #0.5)",V.E. Schwab,"Schwab, V.E.",Victoria Schwab,"=""""","=""""",0,Tor Books,Kindle Edition,15,2013,2013,,2019/04/20,,,read,,,,1,0
38087912,"Vicious (Villains, #1)",V.E. Schwab,"Schwab, V.E.",,"=""1785658670""","=""9781785658679""",4,Titan Books Ltd,Hardcover,420,2018,2013,2019/04/20,2018/02/18,,,read,,,,1,0
24874338,The Gate of the Hundred Sorrows,Rudyard Kipling,"Kipling, Rudyard",,"=""014139806X""","=""9780141398068""",3,Penguin Classics,Mass Market Paperback,52,2015,2014,2019/03/31,2019/03/09,,,read,,,,1,0
28501519,To the Lighthouse,Virginia Woolf,"Woolf, Virginia",,"=""1784870838""","=""9781784870836""",4,Penguin,Paperback,256,2016,1927,2019/01/13,2018/08/18,,,read,,,,1,0
6425505,"Untamed (House of Night, #4)",P.C. Cast,"Cast, P.C.",Kristin Cast,"=""1905654561""","=""9781905654567""",4,Atom,Paperback,411,2009,2008,,2015/04/08,"fantasy, romance, young-adult","fantasy (#36), romance (#20), young-adult (#33)",read,,,,2,1
24965713,"The Bane Chronicles (The Bane Chronicles, #1-11)",Cassandra Clare,"Clare, Cassandra",,"=""1406360589""","=""9781406360585""",4,Walker Books,Paperback,441,2015,2014,2018/12/05,2018/08/19,,,read,,,,1,0
838638,The Hobbit,J.R.R. Tolkien,"Tolkien, J.R.R.",David Wyatt,"=""0006754023""","=""9780006754022""",4,HarperCollins Children's Books,Paperback,365,1998,1937,,2015/04/08,"childrens, classics, fantasy","childrens (#17), classics (#10), fantasy (#29)",read,,,,4,1
27973757,The Girl of Ink and Stars,Kiran Millwood Hargrave,"Hargrave, Kiran Millwood",,"=""1910002747""","=""9781910002742""",4,Chicken House,Paperback,228,2016,2016,2018/08/04,2018/08/04,,,read,,,,1,0
20939933,Americanah,Chimamanda Ngozi Adichie,"Adichie, Chimamanda Ngozi",,"=""""","=""""",4,Fourth Estate ,Paperback,477,2014,2013,2018/07/30,2015/04/08,,,read,,,,1,1
35924698,"The Witch Doesn't Burn in This One (Women Are Some Kind of Magic, #2)",Amanda Lovelace,"Lovelace, Amanda",ladybookmad,"=""1449489427""","=""9781449489427""",3,Andrews McMeel Publishing,Paperback,192,2018,2018,2018/07/31,2018/07/14,,,read,,,,1,0
24874298,"Sketchy, Doubtful, Incomplete Jottings",Johann Wolfgang von Goethe,"Goethe, Johann Wolfgang von",,"=""0141397136""","=""9780141397139""",4,Penguin Classics,Mass Market Paperback,57,2015,2015,2018/07/01,2018/05/29,,,read,,,,1,0
23358109,"Forever Red (Black Widow, #1)",Margaret Stohl,"Stohl, Margaret",,"=""""","=""""",3,Marvel Press,Hardcover,401,2015,2015,2018/06/30,2018/06/17,,,read,,,,1,0
13624452,How I Live Now,Meg Rosoff,"Rosoff, Meg",,"=""""","=""""",4,,Paperback,211,2004,2004,2018/06/28,2015/05/28,,,read,,,,1,0
25363212,Becoming Unbecoming,Una,"Una, Una",,"=""1908434694""","=""9781908434692""",5,Myriad Editions,Paperback,208,2015,2015,2018/06/10,2018/04/21,,,read,,,,1,0
26025989,The Princess Diarist,Carrie Fisher,"Fisher, Carrie",,"=""0399173595""","=""9780399173592""",3,Blue Rider Press,Hardcover,257,2016,2016,2018/05/24,2016/12/26,,,read,,,,1,0
33830160,The Left Hand of Darkness,Ursula K. Le Guin,"Guin, Ursula K. Le",,"=""1473221625""","=""9781473221628""",4,Gollancz,Paperback,304,2017,1969,2018/05/14,2018/04/30,,,read,,,,1,0
24874337,How a Ghastly Story Was Brought to Light by a Common or Garden Butcher's Dog,Johann Peter Hebel,"Hebel, Johann Peter","John Hibberd, Nicholas Jacobs","=""0141398027""","=""9780141398020""",3,Penguin Classics,Paperback,54,2015,1811,2018/04/27,2018/04/26,,,read,,,,1,0
24702371,Of Street Piemen,Henry Mayhew,"Mayhew, Henry",,"=""0141980249""","=""9780141980249""",3,Penguin Classics,Paperback,64,2015,2015,2018/04/17,2015/05/29,,,read,,,,1,0
24874306,The Steel Flea,Nikolai Leskov,"Leskov, Nikolai",,"=""014139739X""","=""9780141397399""",3,Penguin Classics,Paperback,64,2015,1881,2018/04/12,2015/05/29,,,read,,,,1,0
35008865,Reader I Married Him,Tracy Chevalier,"Chevalier, Tracy",,"=""0008150605""","=""9780008150600""",3,The Borough Press,Paperback,307,2017,2016,2018/04/03,2018/03/08,,,read,,,,1,0
24909347,"Obsidio (The Illuminae Files, #3)",Amie Kaufman,"Kaufman, Amie",Jay Kristoff,"=""055349919X""","=""9780553499193""",5,Knopf Books for Young Readers,Hardcover,618,2018,2018,2018/03/27,2017/08/08,,,read,,,,1,0
30197201,A Quiet Kind of Thunder,Sara  Barnard,"Barnard, Sara",,"=""1509810986""","=""9781509810987""",4,Macmillan Children's Books,Paperback,307,2017,2017,2018/03/24,2018/03/16,,,read,,,,1,0
13516154,The Song of Achilles,Madeline Miller,"Miller, Madeline",,"=""""","=""""",3,Bloomsbury Publishing,Paperback,352,2012,2011,2018/03/07,2018/02/23,,,read,,,,1,0
32200595,"A Conjuring of Light (Shades of Magic, #3)",V.E. Schwab,"Schwab, V.E.",,"=""""","=""""",5,TITAN PUBLISHING GROUP,Paperback,666,2017,2017,2018/02/20,2017/02/25,,,read,,,,1,0
24874309,"Remember, Body...",Constantinos P. Cavafy,"Cavafy, Constantinos P.",,"=""0141397462""","=""9780141397467""",4,Penguin Classics,Paperback,54,2015,1933,2018/02/18,2018/01/10,,,read,,,,1,0
28488649,The Melancholy of Resistance,László Krasznahorkai,"Krasznahorkai, László",George Szirtes,"=""1781256241""","=""9781781256244""",3,Tuskar Rock,Paperback,321,2016,1989,2018/01/28,2018/01/15,,,read,,,,1,0
33871762,The Power,Naomi Alderman,"Alderman, Naomi",,"=""0670919969""","=""9780670919963""",4,Penguin Books,Paperback,351,2017,2016,2018/01/12,2017/08/10,,,read,"It starts in girls around the age of fourteen. Soon all young girls are born with it. The younger women are able to pass it on to older women who feel like they had it the whole time, but it was hiding somewhere forgotten. All the women of the world quickly learn they have Power - and they're going to use it.<br/><br/>When you read the premise of all women gaining an electrical discharge superpower, you'd be forgiven for thinking it describes a sci-fi or graphic novel. However, The Power is a meticulous piece of literary speculative fiction examining how a small advantage of one gender over the other will over time lead to a gaping chasm of power, authority, respect, expectation, and societal standing between the two sides of the gender binary.<br/><br/>The book is presented as a novel inside a novel - written by a male author in the distant post-Cataclysm future, set in today's time. It follows a small group of characters in the decade after women gain their power, and before the Cataclysm: an apocalyptic event wherein almost all history of the patriarchal societies we know today is wiped out (an event we only know of from the fictional author's writing outside the main narrative).<br/><br/>The book does two things: it shows how there is nothing integral in men or women that leads to the power split, and it explores how the perceived difference in power snowballs through history to build vast inequalities in our society. It does this by introducing a small fantastical element to start the ball rolling in the opposite direction of what we know.<br/><br/>It's an unsettling read. As a female reader it begins as a triumph - seeing the women of the world begin to seize back power. Then there are a few individuals who go too far, but you can reason that they are a minority. It's impossible to detect when the scale of power and privilege tips past equality until you're too deep into the horrors. Until you identify with the male character afraid to walk alone at night - that's a fear you know. Intimately.<br/><br/>The Power is only interested in the gender binary. If you're looking for more nuance in the discussion of gender (or even a mention of a person elsewhere on the gender spectrum) you will be disappointed. It's also a bit lacking in its approach to the uprising of women in the Middle East.<br/><br/>But, ultimately, a fantastic critique of how we allow our modern expectations to corrupt our interpretation of history, and an essential read in a time when women are standing up and speaking out. 4⭐️",,,1,0
25648276,Unboxed,Non Pratt,"Pratt, Non",,"=""1781125856""","=""9781781125854""",4,Barrington Stoke,Paperback,140,2016,2016,2018/01/14,2018/01/14,,,read,,,,1,0
24874356,A Pair of Silk Stockings,Kate Chopin,"Chopin, Kate",,"=""0141398531""","=""9780141398532""",4,Penguin Classics,Paperback,64,2015,1897,2018/01/07,2018/01/03,,,read,"An excellent collection of five short stories. Each is simple and succinct, seemingly with not much to them. But they each have a certain <i>je ne sais quois</i> and pull at some unseen thread of thought at the back of your head. I am interested in finding more by the author.",,,1,0
36475759,"The City of Brass (The Daevabad Trilogy, #1)",S.A. Chakraborty,"Chakraborty, S.A.",,"=""0008239398""","=""9780008239398""",5,HarperVoyager,Hardcover,532,2018,2017,2018/01/06,2018/01/03,,,read,I will maybe/probably come back and write a more coherent review but I just need to let you all know that I have had to pace around and run up and down the stairs trying to get some adrenaline out my system this book was THAT GOOD. ,,,1,0
28239935,Artemis,Andy Weir,"Weir, Andy",,"=""0091956943""","=""9780091956943""",4,Del Rey,Hardcover,309,2017,2017,2018/01/03,2018/01/01,,,read,"I actually burst out laughing at the line in this saying ""only an idiot relies on duct tape to maintain a pressure seal."" Poor Mark Watney, everyone's favourite sci-fi idiot. First read of 2018, here we go!<br/><br/>Andy Weir's writing appeals very precisely to my kind of nerdery, and like The Martian this was right up my alley. Jazz Bashara is a smuggler in Artemis, the moon's first city, who gets caught up in a heist. Take the formula of every heist movie you love, stage it in a low gravity vacuum, throw in the Weir trademark of pitting the characters up against very probable complications (low-grav vacuum, remember?) and forcing them to ""science the shit"" past each obstacle, and you have Artemis. I love it.<br/><br/>Straight up, this is not the modern masterpiece that The Martian was. In that book, Mark Watney overcoming all odds on Mars serves the narrative - one man against all the odds (plus the massive global effort of space programs back on Earth). It needs a triumph. So Mark has an uncanny ability to luck (or science) his way out of situations which most certainly should have killed him. In Artemis the story is not of space survival so much as space hijinks. The stakes are still high (again, low-grav vacuum) but that just serves to add tension - it's not the central theme. So when Jazz has the same knack of saving herself from impossible death scenarios, it invites a bit more scepticism. <br/><br/>A couple of miscellaneous good things this book has that I want to praise:<br/><br/>▪️A racially and ethnically diverse cast. Weir has an excellent appreciation of space exploration (and science in general) as a global collaborative effort. He refuses to take the lazy (and inaccurate) route of populating his books with mainly white Americans. In fact, he takes care to detail how Artemis the city couldn't have arisen out of NASA and America.<br/><br/>▪️ A female protagonist - a woman of Muslim heritage no less. I can't speak to the cultural representation but I can talk about the gender. Jazz is exactly the kind of protagonist we need to see more of in our media. Unlike some male authors, the female aspect hasn't been awkwardly stumbled over. Weir has written her as a complete character first (as he would a male character), then upon editing has refined the gendered moments outwith his experience based on female feedback. There are tiny woman-written-by-man moments I as a reader clashed with, but they are few. There's room for improvement but overall we get a well-rounded, three-dimensional female protagonist who is never characterised by, or reduced to, being female. Don't get me wrong, this should be the most basic requirement in writing any character - but it's rare to see. Especially in today's climate where writers are too afraid to do anything other than ""stay in their lane"", thus saturating our media with white American males. Cause, you know, we needed more of that.<br/><br/>This book is a fantastic space caper, filled with humour, twists and turns, and an abundance of space nerdery. I couldn't be more thankful to live through the birth of this new chapter in sci-fi literature, and I hope to see books like this become more popular. 4⭐️<br/>",,,1,0
25066770,"Hawkeye, Volume 5: All-New Hawkeye",Jeff Lemire,"Lemire, Jeff","Ramón Pérez, Ian  Herring, Joe Sabino","=""0785194037""","=""9780785194033""",3,Marvel Universe,Paperback,112,2015,2015,2017/12/31,2017/12/31,,,read,,,,1,0
11049,The Boy in the Striped Pyjamas,John Boyne,"Boyne, John",,"=""0099487829""","=""9780099487821""",4,Definitions,Paperback,216,2007,2006,2017/12/31,2017/12/28,,,read,,,,1,0
34507865,The Book of Barb: A Celebration of Stranger Things' Iconic Wing Woman,Nadia Bailey,"Bailey, Nadia",,"=""1925418472""","=""9781925418477""",4,Smith Street Books,Hardcover,96,2017,,2017/12/30,2017/12/28,,,read,,,,1,0
31368214,The Twelve Days of Dash and Lily,Rachel Cohn,"Cohn, Rachel",David Levithan,"=""1405284005""","=""9781405284004""",3,Electric Monkey,Paperback,240,2016,2016,2017/12/25,2016/12/24,,,read,,,,1,0
32613366,"The Hate U Give (The Hate U Give, #1)",Angie Thomas,"Thomas, Angie",,"=""""","=""""",5,Walker Books,Paperback,448,2017,2017,2017/12/16,2017/12/06,,,read,"""The Hate U Give Little Infants F**ks Everybody"".<br/><br/>So I finally got around to reading what a lot of folks in the YA community are calling the book of the year. Angie Thomas has in fact just won the Goodreads awards for Best Young Adult Fiction for The Hate U Give and Debut Goodreads Author. I couldn't agree more.<br/><br/>The greatest joy and the greatest strength of fiction is how it sparks and kindles empathy. Throughout the history of the written word readers have found empathy in some of the most unlikely places. It's the most powerful force of humankind. It allows us to communicate, to forge connections, relationships, to build and foster ideas and tools on a global scale. It unites us, drives the progress of humanity, and we are stronger together.<br/><br/>There are a lot of people and places in the world right now lacking in empathy. The Black Lives Matter movement draws attention to one of them. With social media now allowing underprivileged voices to be heard, what has long been an open secret in black communities is on show for us all.<br/><br/>Racism is alive and thriving. Men, women and children are being preyed upon, assaulted and killed - brutally and remorselessly - by people in the law enforcement system, people who are supposed to protect us all. The victims have their entire history exposed in the media. Is it a lack of education this time? Or is it a petty crime? All symptoms of a society rigged to black people's disadvantage, but that fact is often ignored. These victims are posthumously tried in the court of public opinion, and public opinion is often ruling that these innocent people deserved their own murder! The killers? They walk free, still wearing their badge, still carrying the murder weapon, and we are told the officers are serving the community, protecting the children from these ""thugs"".<br/><br/>""But what about OUR children?"" the black community asks, after witnessing yet another innocent child shot dead by a law enforcement officer. What about the black community? What about the black children? Do their lives not matter? Do black lives not matter?<br/><br/>THUG takes us on a journey with 16 year-old Starr who witnesses the murder of one of these innocent children, her childhood friend, Khalil. As Starr navigates her grief and the greater injustice, both in black and white communities, a deeper understanding unfolds in a white reader like myself. As someone who has never experienced this insurmountable injustice, it is easy to wonder what the individual could have done differently. ""Why couldn't they have done this/that? Maybe this wouldn't have happened.""<br/><br/>Starr's story introduces you to wisdom from people on different sides of the equation: her ex-convict father, her middle-class police officer uncle, a drug-dealing friend in a gang, her upper-class white boyfriend. In every interaction, in every part of the criminal trial, THUG explains away every question or argument you could possibly have. Even if you are already well-intentioned and have tried to understand, to SEE, THUG takes you gently by the hand and turns you to face the brick wall of injustice black communities live behind. And you can understand better. Hopefully then you can DO better.<br/><br/>It all comes back to empathy. Feeling empathy for our children who have been failed by humanity. Feeling empathy for those who need it most. THUG is a vitally important read for this chapter of history in the western world.<br/><br/>An astounding novel. 5⭐️",,,1,0
24874340,Traffic,John Ruskin,"Ruskin, John",,"=""0141398140""","=""9780141398143""",3,Penguin Classics,Mass Market Paperback,59,2015,2015,2017/12/22,2015/05/29,,,read,"Some horrific thoughts on taste, but some wonderful criticism of wealth and the capitalism of the industrial revolution.",,,1,0
816552,Shantaram,Gregory David Roberts,"Roberts, Gregory David",,"=""0349117543""","=""9780349117546""",3,Abacus,Paperback,933,2005,2003,2017/12/06,2015/05/28,,,read,,,,1,0
25248510,Another Vagabond Lost To Love: Berlin Stories on Leaving & Arriving,Charlotte Eriksson,"Eriksson, Charlotte",The Glass Child,"=""1511497831""","=""9781511497831""",2,Broken Glass Records: Press & Distribution,Paperback,115,2015,2015,2017/12/01,2015/04/08,,,read,,,,1,0
25066786,"Spider-Gwen, Vol. 0: Most Wanted?",Jason Latour,"Latour, Jason",Robbi Rodriguez,"=""0785197737""","=""9780785197737""",3,Marvel Universe,Paperback,136,2015,2015,2017/11/30,2017/11/29,,,read,,,,1,0
36216475,"Nyxia (The Nyxia Triad, #1)",Scott Reintgen,"Reintgen, Scott",,"=""0718186885""","=""9780718186883""",3,Michael Joseph,Paperback,384,2017,2017,2017/11/27,2017/11/17,,,read,,,,1,0
29847082,Holding Up the Universe,Jennifer Niven,"Niven, Jennifer",,"=""0141357053""","=""9780141357058""",3,Penguin,Paperback,392,2016,2016,2017/11/17,2017/11/14,,,read,,,,1,0
24702258,The Tinderbox,Hans Christian Andersen,"Andersen, Hans Christian","Tiina Nunnally, Bagram Ibatoulline","=""0141398043""","=""9780141398044""",3,Penguin Classics,Paperback,55,2015,1835,2017/11/12,2017/11/12,,,read,,,,1,0
756970,The Dispossessed,Ursula K. Le Guin,"Guin, Ursula K. Le",,"=""1857988825""","=""9781857988826""",4,Gollancz,Paperback,319,2015,1974,2017/11/11,2015/04/08,sci-fi,sci-fi (#1),read,,,,1,1
32055872,"Godsgrave (The Nevernight Chronicle, #2)",Jay Kristoff,"Kristoff, Jay",,"=""0008180032""","=""9780008180034""",5,HarperVoyager,Hardcover,464,2017,2017,2017/10/30,2017/10/25,,,read,,,,1,0
22702248,The Girl Who Tweeted Wolf (Hobson & Choi #1),Nick Bryan,"Bryan, Nick",,"=""""","=""""",2,Nick Bryan,ebook,197,2014,2014,2017/10/19,2015/04/08,,,read,,,,1,0
27827627,Uprooted,Naomi Novik,"Novik, Naomi",,"=""1447294149""","=""9781447294146""",4,Pan Macmillan,Paperback,435,2016,2015,2017/10/15,2017/10/12,,,read,,,,1,0
35383830,Moxie,Jennifer Mathieu,"Mathieu, Jennifer",,"=""1444940635""","=""9781444940633""",5,Hodder Children's Books (Hachette Children's Group),Paperback,340,2017,2017,2017/10/16,2017/10/16,,,read,,,,1,0
34890640,"Botanical Line Drawing: 200 Step-By-Step Flowers, Leaves, Cacti, Succulents, and Other Items Found in Nature",Peggy  Dean,"Dean, Peggy",,"=""0998558524""","=""9780998558523""",4,Pigeon Letters,Paperback,218,2017,2017,,2017/10/06,,,read,,,,1,0
82749,Falling Leaves: The True Story of an Unwanted Chinese Daughter,Adeline Yen Mah,"Mah, Adeline Yen",,"=""""","=""""",3,Penguin,Paperback,278,1997,1997,2017/10/06,2015/05/28,,,read,,,,1,0
32453238,Tales from the Shadowhunter Academy,Cassandra Clare,"Clare, Cassandra",,"=""1406373583""","=""9781406373585""",4,Walker Books,Paperback,651,2017,2016,2017/09/30,2017/09/27,,,read,,,,1,0
24874329,As Kingfishers Catch Fire,Gerard Manley Hopkins,"Hopkins, Gerard Manley",,"=""0141397845""","=""9780141397849""",2,Penguin Classics,Paperback,53,2015,1876,2017/09/26,2017/09/06,,,read,,,,1,0
7161153,Never Let Me Go,Kazuo Ishiguro,"Ishiguro, Kazuo",,"=""0571258093""","=""9780571258093""",4,Faber and Faber,Paperback,282,2021,2005,2017/09/26,2015/05/28,,,read,,,,1,0
34443972,"Wonder Woman: Warbringer (DC Icons, #1)",Leigh Bardugo,"Bardugo, Leigh",,"=""0141387378""","=""9780141387376""",4,Penguin,Paperback,369,2017,2017,2017/09/21,2017/09/13,,,read,,,,1,0
26030895,Civil War: Captain America / Iron Man,Ed Brubaker,"Brubaker, Ed","Christos Gage, Daniel Knauf, Charles Knauf, Brian Michael Bendis","=""0785195637""","=""9780785195634""",4,Marvel Enterprises,Paperback,224,2016,2016,2017/09/12,2017/09/12,,,read,,,,1,0
25458747,Truth or Dare,Non Pratt,"Pratt, Non",,"=""1406366935""","=""9781406366938""",5,Walker Books,Paperback,383,2017,2017,2017/09/09,2017/09/08,,,read,,,,1,0
30542863,The Diabolic (The Diabolic #1),S.J. Kincaid,"Kincaid, S.J.",,"=""1471147142""","=""9781471147142""",5,Simon & Schuster Children's UK,Hardcover,403,2016,2016,2017/09/07,2017/09/06,,,read,,,,1,0
32334098,"The Princess Saves Herself in this One (Women are Some Kind of Magic, #1)",Amanda Lovelace,"Lovelace, Amanda",ladybookmad,"=""144948641X""","=""9781449486419""",4,Andrews McMeel Publishing,Paperback,200,2017,2016,2017/09/04,2017/08/25,,,read,,,,1,0
29229799,The Rest of Us Just Live Here,Patrick Ness,"Ness, Patrick",,"=""1406365564""","=""9781406365566""",3,Walker Books,Paperback,345,2016,2015,2017/09/01,2016/05/22,,,read,,,,1,0
31458203,Heartless,Marissa Meyer,"Meyer, Marissa",,"=""1509814132""","=""9781509814138""",3,Macmillan Children's Books,Paperback,450,2017,2016,2017/08/27,2017/08/25,,,read,,,,1,0
12356699,A Brief History of Time: From the Big Bang to Black Holes,Stephen W. Hawking,"Hawking, Stephen W.",,"=""0857501003""","=""9780857501004""",5,Bantam Books,Paperback,241,2011,1988,2017/08/24,2017/08/10,,,read,,,,1,0
25979027,"Thor, Vol. 2: Who Holds the Hammer?",Jason Aaron,"Aaron, Jason","N.D. Stevenson, C.M. Punk, Donald F. Glut, Russell Dauterman, Timothy Truman, Marguerite Sauvage, Rob Guillory, Rick Hoberg","=""1846536839""","=""9781846536830""",3,Marvel/Panini UK,Paperback,136,2015,2015,2017/08/19,2017/08/11,,,read,"Eh, so three stars is misleading. The actual main story in issues 6-8 were great and I would probably give 4+ stars. But this also collects the annual (2 of the short stories were good, 1 was bad) and the What If? issue which was just ugh. ",,,1,0
23664731,"Everything, Everything",Nicola Yoon,"Yoon, Nicola",,"=""0552574236""","=""9780552574235""",5,Corgi Childrens,Paperback,308,2015,2015,2017/08/09,2017/08/09,,,read,,,,1,0
26802894,"Truthwitch (The Witchlands, #1)",Susan Dennard,"Dennard, Susan",,"=""1447282043""","=""9781447282044""",4,Tor,Hardcover,400,2016,2016,2017/08/08,2017/08/01,,,read,,,,1,0
591133,Civil War,Mark Millar,"Millar, Mark",Steve McNiven,"=""1905239602""","=""9781905239603""",4,Panini,Paperback,196,2007,2006,2017/08/04,2015/05/08,,,read,,,,1,0
24874304,A Hippo Banquet,Mary H. Kingsley,"Kingsley, Mary H.",,"=""0141397284""","=""9780141397283""",3,Penguin Classics,Paperback,52,2015,1897,2017/08/01,2017/07/30,,,read,,,,1,0
24934065,"Rebel of the Sands (Rebel of the Sands, #1)",Alwyn Hamilton,"Hamilton, Alwyn",,"=""0698410424""","=""9780698410428""",4,Viking Books for Young Readers,ebook,314,2016,2016,2017/07/25,2016/05/22,,,read,,,,1,0
25613374,Armada,Ernest Cline,"Cline, Ernest",,"=""0099586746""","=""9780099586746""",3,Arrow,Paperback,349,2016,2015,2017/07/23,2017/07/13,,,read,,,,1,0
28384484,Juniper Lane,Kady Morrison,"Morrison, Kady",,"=""0990484432""","=""9780990484431""",4,Big Bang Press,Paperback,290,2016,2016,2017/07/12,2017/07/12,,,read,,,,1,0
24951755,Da Vinci's Tiger,L.M. Elliott,"Elliott, L.M.",,"=""0062231715""","=""9780062231710""",3,Katherine Tegen Books,Hardcover,287,2015,2015,2017/07/09,2016/01/04,,,read,"This was going to go in an Instagram caption but was way too long:<br/><br/>So many books on my bookshelf and none of them are really inspiring me to read them. Finished this yesterday afternoon and, eh, it's just a bit meh. The voice of the narrative was a bit too childish for me. I managed to persevere and was relieved that the insipid romance I was expecting was nowhere to be found. Instead it was about a sharp young woman and a romance of the intellect, I guess is the best way to put it. It centres on the renaissance era ideal of Platonic love, in which a beautiful woman is held up as the image of virtue to inspire and lead man from his sins. The young heroine (as befitting of her time) sees value in this ideal, yet recognises the constraints and injustices in being held aloft in such a manner, as well as the hypocrisies inherent in such a romanticisation by men of women.<br/><br/><br/>A lot of modern historical fiction for the YA audience often centres on women with absurdly modern feminist ideals which simply could not exist within the fictional setting. It is an annoyance of mine. Yes, it is a good message for younger readers, but I prefer my historical heroines to stay true to their principles in a way that is a truer reflection of the time. A 21st century woman in a 15th century setting is of little value to me. I understand and share her ideals, and of course the discriminatory society seems stupid and unfair to me. But that is only so obvious to me because of centuries and centuries of women pushing their boundaries bit by bit, collectively making my life begin closer to even-footing than theirs could ever have been. Were I actually born in a historical setting, these injustices would just be irrevocable facts of life. What inspires me in historical fiction is reading about women finding strength and grace in their positions which are so unfair and confined to my modern mindset. I wonder at how they could live such a life, yet they find small ways to rattle their cage bars, improve themselves and make the world just that little bit more fair. That is inspiring to me. <br/><br/><br/>Here, for example, Ginevra accepts her role as muse and Platonic lover for the sake of being able to challenge the conventions of female portraiture. Sitting pretty for a picture, how unfeminist for today's standards! And yet her portrait becomes one of the first in which a woman looks directly at the viewer, daring him to look into her eyes and see there is intelligence behind them, that she is not something passive simply to be gazed upon. She also spends a great deal of her time in a nunnery. How quaint and backwards! A woman having to pray regularly to maintain a facade of virtue. And yet, the abbess at this nunnery encourages the novices to read the great minds of the time. In fact, freed from their roles as bargaining chips in arranged marriages, these women have the freedom to educate themselves. The ways in which women have tried to liberate themselves, big and small, are what makes female-centred historical fiction inspiring to me. <br/><br/><br/>So yeah, I managed to get into a big rant, yet I still didn't particularly care for this book. &#x1f605; Ginevra was authentic in the way I described above but very naive, occasionally unbearably so. It gets points for having substance and some authenticity, but not the most enjoyable read. ",true,,1,0
43641,Water for Elephants,Sara Gruen,"Gruen, Sara",,"=""1565125606""","=""9781565125605""",4,Algonquin Books,Paperback,368,2007,2006,2017/07/08,2015/05/13,,,read,,,,1,0
35259619,"A Torch Against the Night (An Ember in the Ashes, #2)",Sabaa Tahir,"Tahir, Sabaa",,"=""0451478274""","=""9780451478276""",4,Razorbill,Paperback,452,,2016,2017/07/03,2017/06/28,,,read,,,,1,0
29056083,"Harry Potter and the Cursed Child: Parts One and Two (Harry Potter, #8)",J.K. Rowling,"Rowling, J.K.","Jack Thorne, John Tiffany","=""0540027340""","=""9780540027347""",2,"Little, Brown",Hardcover,343,2016,2016,2017/06/27,2017/06/20,,,read,,,,1,0
23485372,"The Master Magician (The Paper Magician, #3)",Charlie N. Holmberg,"Holmberg, Charlie N.",,"=""1477878696""","=""9781477878699""",2,47North,Kindle Edition,226,2015,2015,2017/06/20,2017/06/17,,,read,,,,1,0
22910024,"The Glass Magician (The Paper Magician, #2)",Charlie N. Holmberg,"Holmberg, Charlie N.",,"=""147787593X""","=""9781477875933""",2,47North,Kindle Edition,224,2014,2014,2017/06/17,2017/06/15,,,read,,,,1,0
22521286,The Paper Magician (The Paper Magician #1),Charlie N. Holmberg,"Holmberg, Charlie N.",,"=""147787383X""","=""9781477873830""",2,47North,Kindle Edition,234,2014,2014,2017/06/15,2017/06/11,,,read,,,,1,0
24874341,Wailing Ghosts,Pu Songling,"Songling, Pu",John Minford,"=""0141398167""","=""9780141398167""",1,Penguin Classics,Paperback,56,2015,1740,2017/06/11,2015/05/28,,,read,,,,1,0
34610036,"The Waking Land (The Waking Land, #1)",Callie Bates,"Bates, Callie",,"=""1473638720""","=""9781473638723""",5,Hodder & Stoughton,Hardcover,400,2017,2017,2017/06/08,2017/06/05,,,read,,,,1,0
27420164,The Square Root of Summer,Harriet Reuter Hapgood,"Hapgood, Harriet Reuter",,"=""1509808280""","=""9781509808281""",2,Macmillan Children's Books,Paperback,322,2016,2016,2017/06/05,2016/05/22,,,read,,,,1,0
34787496,"Red Sister (Book of the Ancestor, #1)",Mark  Lawrence,"Lawrence, Mark",,"=""""","=""""",4,HarperCollins,Paperback,655,2017,2017,2017/05/26,2017/05/15,,,read,,,,1,0
33022718,Nasty Women,Laura  Jones,"Jones, Laura","L.R.  Lam, Ren Aldridge, Nadine Aisha Jassat, Sasha De Buyl-Pisco, Elise Hines, Alice Tarbuck, Jonatha Kottler, Chitra Ramaswamy, Christina Neuwirth, Belle Owen, Zeba Talkhani, Kate Muriel, Joelle A. Owusu, Kaite Welsh, Claire L. Heuchan, Jen McGregor, Mel Reeve, Sim Bajwa, Becca Inglis, Rowan C. Clarke, Kristy Diaz, Laura  Waddell, Laura Lam","=""0995623821""","=""9780995623828""",5,404 Ink,Paperback,240,2017,2017,2017/05/06,2017/03/11,non-fiction,non-fiction (#12),read,,,,1,0
25437747,"Beautiful Broken Things (Beautiful Broken Things, #1)",Sara  Barnard,"Barnard, Sara",,"=""150980353X""","=""9781509803538""",3,Macmillan Children's Books (UK),Paperback,352,2016,2016,2017/05/06,2017/04/25,,,read,,,,1,0
26236443,"A Gathering of Shadows (Shades of Magic, #2)",V.E. Schwab,"Schwab, V.E.",,"=""1783295422""","=""9781783295425""",5,Titan Books,Paperback,511,2016,2016,2017/04/15,2017/04/14,,,read,,,,1,0
24702467,Aphorisms on Love and Hate,Friedrich Nietzsche,"Nietzsche, Friedrich","Marion Faber, Stephen Lehmann","=""014139790X""","=""9780141397900""",3,Penguin Classics,Paperback,55,2015,1878,2017/04/09,2015/05/29,,,read,,,,1,0
33393824,"Wintersong (Wintersong, #1)",S. Jae-Jones,"Jae-Jones, S.",,"=""1785655442""","=""9781785655449""",2,Titan Books,Paperback,511,2017,2017,2017/04/06,2017/04/06,,,read,,,,1,0
30849412,The One Memory of Flora Banks,Emily Barr,"Barr, Emily",,"=""0141368519""","=""9780141368511""",3,PENGUIN,Paperback,306,2016,2017,2017/04/05,2017/04/02,,,read,,,,1,0
29236299,"Gemina (The Illuminae Files, #2)",Amie Kaufman,"Kaufman, Amie","Jay Kristoff, Marie Lu","=""0553499165""","=""9780553499162""",4,Knopf Books for Young Readers,Library Binding,659,2016,2016,2017/03/28,2016/08/11,,,read,,,,1,0
34105757,This is Our Canvas,Lindsay   Murdock,"Murdock, Lindsay",,"=""""","=""""",2,,Kindle Edition,199,2017,,2017/02/24,2017/02/11,,,read,,,,2,0
17824752,"Young Avengers, Vol. 1: Style > Substance",Kieron Gillen,"Gillen, Kieron",Jamie McKelvie,"=""0785167080""","=""9780785167082""",4,Marvel Enterprises,Paperback,120,2013,2013,2016/12/31,2016/12/31,comics,comics (#20),read,,,,1,0
25828945,"The Life-Changing Magic of Tidying: A simple, effective way to banish clutter forever",Marie Kondō,"Kondō, Marie",,"=""""","=""""",4,Vermilion,Hardcover,256,2015,2010,2016/12/31,2016/11/09,non-fiction,non-fiction (#10),read,,,,1,0
6315566,"The Hitchhiker's Guide to the Galaxy (Hitchhiker's Guide, #1)",Douglas Adams,"Adams, Douglas",Eoin Colfer,"=""0330508113""","=""9780330508117""",4,MacMillan Children's Books,Paperback,184,2009,1979,2016/12/31,2015/04/08,sci-fi,sci-fi (#8),read,,,,1,1
23357458,All the Bright Places,Jennifer Niven,"Niven, Jennifer",,"=""0141357037""","=""9780141357034""",5,Penguin ,Paperback,388,2015,2015,2016/12/30,2015/05/08,"mental-illness, romance, young-adult","mental-illness (#8), romance (#41), young-adult (#68)",read,,,,1,0
6351469,"Fantastic Beasts and Where to Find Them (Hogwarts Library, #1)",Newt Scamander,"Scamander, Newt",J.K. Rowling,"=""1408803011""","=""9781408803011""",3,Bloomsbury Publishing Plc,Paperback,123,2009,2001,2016/12/30,2015/04/08,"childrens, fantasy","childrens (#4), fantasy (#16)",read,,,,1,1
31116030,"Blood for Blood (Wolf by Wolf, #2)",Ryan Graudin,"Graudin, Ryan",,"=""1780622058""","=""9781780622057""",5,Orion Children's Books,Paperback,481,2016,2016,2016/12/30,2016/12/26,"historical, young-adult","historical (#21), young-adult (#67)",read,,,,1,0
16051601,Dash & Lily's Book of Dares,Rachel Cohn,"Cohn, Rachel",David Levithan,"=""1848451725""","=""9781848451728""",4,Mira Ink,Paperback,260,2012,2010,2016/12/24,2016/12/24,"romance, young-adult","romance (#40), young-adult (#66)",read,,,,1,0
15852522,Vader's Little Princess,Jeffrey   Brown,"Brown, Jeffrey",,"=""1452118698""","=""9781452118697""",5,Chronicle Books,Hardcover,64,2013,2013,2016/12/19,2016/12/19,"art-books, comics","art-books (#4), comics (#19)",read,I adore these comics so much ^_^,,,1,0
28513813,Reasons to Stay Alive,Matt Haig,"Haig, Matt",,"=""1782116826""","=""9781782116820""",4,Canongate Books,Paperback,259,2016,2015,2016/12/14,2016/12/11,"mental-illness, philosophical, non-fiction","mental-illness (#7), philosophical (#5), non-fiction (#11)",read,,,,1,0
23546843,"Crushed (Ms. Marvel, #3)",G. Willow Wilson,"Wilson, G. Willow","Takeshi Miyazawa, Elmo Bondoc","=""0785192271""","=""9780785192275""",4,Marvel Comics,Paperback,112,2015,2015,2016/11/24,2015/05/08,comics,comics (#18),read,,,,1,0
25733548,Nod,Adrian   Barnes,"Barnes, Adrian",,"=""1783298227""","=""9781783298228""",3,Titan Books,Paperback,271,2015,2012,2016/11/21,2016/10/24,sci-fi,sci-fi (#13),read,,,,1,0
23403402,"A Darker Shade of Magic (Shades of Magic, #1)",V.E. Schwab,"Schwab, V.E.",,"=""""","=""""",4,Titan Books,Paperback,384,2015,2015,2016/10/13,2016/10/02,"fantasy, historical, young-adult","fantasy (#60), historical (#20), young-adult (#63)",read,,,,1,0
15801353,"Aristotle and Dante Discover the Secrets of the Universe (Aristotle and Dante, #1)",Benjamin Alire Sáenz,"Sáenz, Benjamin Alire",,"=""1442408936""","=""9781442408937""",5,Simon & Schuster Books for Young Readers,Paperback,359,2014,2012,2016/10/19,2016/10/15,"lgbtqa, realism, young-adult","lgbtqa (#2), realism (#25), young-adult (#64)",read,,,,1,0
24874317,My Dearest Father,Wolfgang Amadeus Mozart,"Mozart, Wolfgang Amadeus",,"=""0141397624""","=""9780141397627""",4,Penguin Classics,Paperback,60,2015,1791,2016/10/03,2016/09/29,little-black-classics,little-black-classics (#12),read,,,,1,0
28446392,"An Ember in the Ashes (An Ember in the Ashes, #1)",Sabaa Tahir,"Tahir, Sabaa",,"=""""","=""""",5,HarperVoyager,Paperback,450,2016,2015,2016/09/28,2016/09/20,"fantasy, historical, young-adult","fantasy (#59), historical (#19), young-adult (#62)",read,,,,1,0
72193,"Harry Potter and the Philosopher’s Stone (Harry Potter, #1)",J.K. Rowling,"Rowling, J.K.",,"=""""","=""""",5,Bloomsbury Publishing,Paperback,223,1997,1997,,2015/04/08,"childrens, fantasy, favourites, read-ages-ago","childrens (#9), fantasy (#20), favourites (#14), read-ages-ago (#15)",read,,,,1,1
24874449,Circles of Hell,Dante Alighieri,"Alighieri, Dante",Robin Kirkpatrick,"=""0141980222""","=""9780141980225""",3,Penguin Classics,Paperback,52,2015,1320,2016/09/20,2015/05/08,little-black-classics,little-black-classics (#11),read,,,,1,0
40436,The Five People You Meet In Heaven,Mitch Albom,"Albom, Mitch",,"=""0751536822""","=""9780751536829""",5,Time Warner Paperbacks,Paperback,231,2004,2003,2012/10/17,2015/04/08,"favourites, philosophical, recommended","favourites (#4), philosophical (#1), recommended (#13)",read,,,,1,1
25365584,"The Graces (The Graces, #1)",Laure Eve,"Eve, Laure",,"=""0571326803""","=""9780571326808""",2,Faber & Faber,Paperback,415,2016,2016,2016/09/14,2016/09/08,"fantasy, young-adult","fantasy (#58), young-adult (#61)",read,,,,1,0
20331482,"City of Heavenly Fire (The Mortal Instruments, #6)",Cassandra Clare,"Clare, Cassandra",,"=""1406332933""","=""9781406332933""",5,Walker Books Ltd,Paperback,733,2014,2014,2016/09/05,2016/09/01,"fantasy, romance, young-adult","fantasy (#57), romance (#39), young-adult (#60)",read,,,,1,0
818478,Stardust,Neil Gaiman,"Gaiman, Neil",,"=""""","=""""",3,Headline Review,Paperback,224,2005,1999,2016/09/01,2016/08/24,"fantasy, historical","fantasy (#56), historical (#18)",read,,,,1,0
23592175,The Lie Tree,Frances Hardinge,"Hardinge, Frances",,"=""144726410X""","=""9781447264101""",4,Macmillan Children's Books ,Paperback,410,2015,2015,2016/08/22,2016/05/22,"historical, young-adult","historical (#17), young-adult (#59)",read,,,,1,0
25951478,Yes Please,Amy Poehler,"Poehler, Amy",,"=""1447283317""","=""9781447283317""",4,Picador,Paperback,332,2015,2014,2016/03/06,2016/02/19,"humour, non-fiction","humour (#8), non-fiction (#8)",read,,,,1,0
25877135,"Illuminae (The Illuminae Files, #1)",Amie Kaufman,"Kaufman, Amie",Jay Kristoff,"=""178074837X""","=""9781780748375""",5,Rock the Boat,Paperback,602,2015,2015,2016/08/11,2016/08/09,"sci-fi, young-adult","sci-fi (#12), young-adult (#58)",read,,,,1,0
70897,The Secret History,Donna Tartt,"Tartt, Donna",,"=""0140167773""","=""9780140167771""",5,Penguin Books,Paperback,629,1993,1992,2016/08/09,2015/05/28,"crime, realism","crime (#5), realism (#24)",read,,,,1,0
25066752,"Black Widow, Vol. 3: Last Days",Nathan Edmondson,"Edmondson, Nathan","Phil Noto, Clayton Cowles","=""0785192530""","=""9780785192534""",4,Marvel Comics,Paperback,184,2015,2015,2016/08/05,2016/08/05,comics,comics (#17),read,,,,1,0
29105145,"Iron to Iron (Wolf By Wolf, #1.5)",Ryan Graudin,"Graudin, Ryan",,"=""031635404X""","=""9780316354042""",3,"Little, Brown Books for Young Readers",Kindle Edition,104,2016,2016,2016/07/20,2016/07/20,,,read,,,,1,0
24874351,"The Dolphins, the Whales and the Gudgeon",Aesop,"Aesop, Aesop","Robert Temple, Olivia Temple","=""0141398434""","=""9780141398433""",4,Penguin Classics,Paperback,58,2015,-560,2016/07/20,2016/07/20,little-black-classics,little-black-classics (#10),read,,,,1,0
18482238,"Finding Jennifer Jones (Jennifer Jones, #2)",Anne Cassidy,"Cassidy, Anne",,"=""1471402282""","=""9781471402289""",4,Hot Key Books,Paperback,304,2014,2014,2016/07/20,2015/04/08,"young-adult, crime, realism","young-adult (#24), crime (#2), realism (#23)",read,,,,1,1
19301206,"Looking for JJ (Jennifer Jones, #1)",Anne Cassidy,"Cassidy, Anne",,"=""140713809X""","=""9781407138091""",4,Scholastic,Paperback,299,2013,2004,2016/07/15,2015/04/08,"young-adult, read-ages-ago, crime, realism","young-adult (#20), read-ages-ago (#14), crime (#1), realism (#11)",read,,,,1,1
22812127,"Black Widow, Vol. 2: The Tightly Tangled Web",Nathan Edmondson,"Edmondson, Nathan","Phil Noto, Mitch Gerads, Clayton Cowles","=""0785188207""","=""9780785188209""",4,Marvel Enterprises,Paperback,160,2015,2015,2016/07/10,2015/05/08,comics,comics (#16),read,,,,1,0
13337716,"A Dance with Dragons 2: After the Feast (A Song of Ice and Fire, #5, Part 2 of 2)",George R.R. Martin,"Martin, George R.R.",,"=""""","=""""",4,HarperVoyager,Paperback,560,2012,2011,2016/07/08,2015/04/08,fantasy,fantasy (#54),read,,,,1,1
25907472,"Wolf By Wolf (Wolf By Wolf, #1)",Ryan Graudin,"Graudin, Ryan",,"=""1780622023""","=""9781780622026""",3,Orion Children's Books,Paperback,390,2015,2015,2015/12/17,2015/11/20,"young-adult, historical","young-adult (#56), historical (#16)",read,,,,1,0
23301805,We Should All Be Feminists,Chimamanda Ngozi Adichie,"Adichie, Chimamanda Ngozi",,"=""0008115273""","=""9780008115272""",4,Fourth Estate,Paperback,52,2014,2012,2016/07/02,2016/07/02,non-fiction,non-fiction (#9),read,,,,1,0
24874346,How to Use Your Enemies,Baltasar Gracián,"Gracián, Baltasar",,"=""0141398272""","=""9780141398273""",2,Penguin Classics,Paperback,54,2015,1647,2016/07/02,2016/06/13,little-black-classics,little-black-classics (#8),read,,,,1,0
19539419,"Black Widow, Vol. 1: The Finely Woven Thread",Nathan Edmondson,"Edmondson, Nathan","Phil Noto, Clayton Cowles","=""0785188193""","=""9780785188193""",4,Marvel,Paperback,144,2014,2014,2016/06/25,2016/06/24,comics,comics (#15),read,,,,1,0
28356624,Carry On,Rainbow Rowell,"Rowell, Rainbow",Jim Tierney,"=""1447266943""","=""9781447266945""",3,Macmillan,Paperback,517,2016,2015,2016/06/24,2016/06/20,"fantasy, young-adult","fantasy (#53), young-adult (#55)",read,,,,1,0
13228239,"Fables: The Deluxe Edition, Book Five",Bill Willingham,"Willingham, Bill","Matthew Sturges, Mark Buckingham, Steve Leialoha, David Hahn, Lan Medina, Margeaux (Andrew) Pepoy, Dan           Green, Daniel Vozzo, Todd Klein, James Jean","=""1401234968""","=""9781401234966""",4,Vertigo,Hardcover,304,2012,2012,2016/06/20,2016/06/19,comics,comics (#14),read,,,,1,0
9884768,Captain America: Red Menace - Ultimate Collection,Ed Brubaker,"Brubaker, Ed","Mike Perkins, Javier Pulido, Marcos Martín, Steve Epting","=""0785156178""","=""9780785156178""",5,Marvel Universe,Paperback,216,2011,2011,2016/06/12,2016/06/09,comics,comics (#13),read,,,,1,0
27235365,When We Collided,Emery Lord,"Lord, Emery",,"=""1408870088""","=""9781408870082""",5,Bloomsbury Children's,Paperback,344,2016,2016,2016/06/09,2016/06/07,"young-adult, mental-illness","young-adult (#54), mental-illness (#6)",read,,,,1,0
12172425,"Fables: The Deluxe Edition, Book Four",Bill Willingham,"Willingham, Bill","Mark Buckingham, Steve Leialoha, Tony Akins, Jimmy Palmiotti, John Bolton, Charles Vess, Michael Kaluta, Jill Thompson, Esao Andrews, Tara  McPherson, Mark Wheatley, Derek Kirk Kim, Brian Bolland, Daniel Vozzo, Todd Klein, James Jean","=""1401233902""","=""9781401233907""",4,Vertigo,Hardcover,293,2012,2012,2016/06/06,2016/05/23,comics,comics (#12),read,,,,1,0
28951781,The Little Paris Bookshop,Nina George,"George, Nina",,"=""0349140375""","=""9780349140377""",1,"Little, Brown Book Group",Paperback,359,2016,2013,2016/06/05,2016/05/05,romance,romance (#37),read,,,,1,0
24874450,The Nightingales are Drunk,Hafez,"Hafez, Hafez",Dick Davis,"=""0141980265""","=""9780141980263""",4,Penguin Classics,Paperback,64,2015,1390,2016/05/27,2015/05/29,little-black-classics,little-black-classics (#7),read,,,,1,0
25560582,You're Doing Just Fine,Charlotte Eriksson,"Eriksson, Charlotte",The Glass Child,"=""1508984409""","=""9781508984405""",3,Broken Glass Records: Press & Distribution,Paperback,100,2015,2015,2016/05/17,2015/05/24,,,read,,,,1,0
12510082,"Catching Fire (The Hunger Games, #2)",Suzanne Collins,"Collins, Suzanne",,"=""""","=""""",3,Scholastic Children's Books,Paperback,472,2011,2009,2012/06/03,2015/04/08,"sci-fi, young-adult","sci-fi (#5), young-adult (#12)",read,,,,2,1
9367853,"Fables: The Deluxe Edition, Book Three",Bill Willingham,"Willingham, Bill","Mark Buckingham, Tony Akins","=""1401230970""","=""9781401230975""",3,Vertigo,Hardcover,226,2011,2011,2016/05/02,2016/04/14,comics,comics (#11),read,,,,1,0
7915496,"Fables: The Deluxe Edition, Book Two",Bill Willingham,"Willingham, Bill","Mark Buckingham, Lan Medina, Craig Hamilton, P. Craig Russell, Bryan Talbot, Linda Medley, Steve Leialoha, Daniel Vozzo, Lovern Kindzierski, Todd Klein, James Jean","=""1401228798""","=""9781401228798""",4,Vertigo,Hardcover,259,2010,2010,2016/04/13,2016/04/10,comics,comics (#10),read,,,,1,0
6307040,"Fables: The Deluxe Edition, Book One",Bill Willingham,"Willingham, Bill","David Lapham, Lan Medina, Mark Buckingham, Inaki Miranda, Steve Leialoha, Shawn McManus, Craig Hamilton, Jim Fern, Sherilyn van Valkenburgh, Tony Akins, Daniel Vozzo, Matthew Sturges, Lee Loughridge, Gene Ha, Todd Klein, Paul Levitz, James Jean, Lauren Lauren","=""140122427X""","=""9781401224271""",3,DC Vertigo,Hardcover,261,2009,2009,2016/04/10,2016/04/09,comics,comics (#9),read,,,,1,0
18335634,"Clockwork Princess (The Infernal Devices, #3)",Cassandra Clare,"Clare, Cassandra",,"=""1406321346""","=""9781406321340""",4,Walker Books Ltd,Paperback,567,2013,2013,2016/04/08,2015/04/08,"young-adult, romance, fantasy","young-adult (#26), romance (#14), fantasy (#30)",read,,,,1,0
20829029,The Martian,Andy Weir,"Weir, Andy",,"=""""","=""""",5,Broadway Books/Crown/Random House,Paperback,369,2014,2011,2016/03/26,2016/03/20,"humour, sci-fi","humour (#9), sci-fi (#11)",read,,,,1,0
29145429,Kindred Spirits,Rainbow Rowell,"Rowell, Rainbow",,"=""1509820833""","=""9781509820832""",4,Macmillan Children's Books,Paperback,62,2016,2016,2016/03/06,2016/03/06,"short-stories, young-adult","short-stories (#3), young-adult (#52)",read,,,,1,0
22838748,The Color Purple,Alice Walker,"Walker, Alice",,"=""1780228716""","=""9781780228716""",5,Weidenfeld & Nicolson,Paperback,262,2014,1982,2015/12/30,2015/05/08,"classics, historical","classics (#19), historical (#15)",read,,,,1,0
1471425,"City of Bones (The Mortal Instruments, #1)",Cassandra Clare,"Clare, Cassandra",,"=""""","=""""",5,Walker Books Ltd,Paperback,510,2007,2007,,2015/04/08,"fantasy, favourites, read-ages-ago, romance, young-adult, recommended","fantasy (#4), favourites (#7), read-ages-ago (#4), romance (#11), young-adult (#17), recommended (#7)",read,,,,3,1
22115893,Birdsong,Sebastian Faulks,"Faulks, Sebastian",,"=""1784700037""","=""9781784700034""",4,Vintage Books,Paperback,503,2014,1993,2016/02/18,2015/04/08,"classics, historical, romance","classics (#4), historical (#5), romance (#36)",read,,,,1,1
14801186,The Time Machine,H.G. Wells,"Wells, H.G.",,"=""0141199342""","=""9780141199344""",4,Penguin Books,Paperback,106,2012,1895,2015/12/19,2015/12/18,"sci-fi, classics","sci-fi (#10), classics (#20)",read,,,,1,0
17322949,Eleanor & Park,Rainbow Rowell,"Rowell, Rainbow",,"=""1409120546""","=""9781409120544""",5,Orion,Paperback,325,2015,2012,2016/01/03,2015/04/08,"romance, young-adult","romance (#9), young-adult (#14)",read,,,,1,1
24874357,It Was Snowing Butterflies,Charles Darwin,"Darwin, Charles",,"=""0141398558""","=""9780141398556""",3,Penguin Classics,Paperback,64,2015,1835,2015/08/25,2015/05/29,little-black-classics,little-black-classics (#5),read,,,,1,0
24874327,The Old Man of the Moon,Shen Fu,"Fu, Shen",Shen Fu,"=""0141397802""","=""9780141397801""",4,Penguin Classics,Paperback,57,2015,1809,2015/09/18,2015/05/08,little-black-classics,little-black-classics (#4),read,,,,1,0
23281884,"A Mad, Wicked Folly",Sharon Biggs Waller,"Waller, Sharon Biggs",,"=""014242790X""","=""9780142427903""",3,Speak,Paperback,448,2015,2014,2015/11/15,2015/11/14,"historical, young-adult","historical (#14), young-adult (#51)",read,,,,1,0
395003,The Unbearable Lightness of Being,Milan Kundera,"Kundera, Milan",Michael Henry Heim,"=""""","=""""",5,Faber & Faber,Paperback,305,2000,1984,2015/09/30,2015/05/28,"philosophical, recommended","philosophical (#4), recommended (#19)",read,,,,1,0
15719929,"City of Lost Souls (The Mortal Instruments, #5)",Cassandra Clare,"Clare, Cassandra",,"=""""","=""""",3,Walker Books,Paperback,544,2012,2012,2015/09/17,2015/04/08,"fantasy, romance, young-adult","fantasy (#32), romance (#16), young-adult (#28)",read,,,,1,1
12512617,"Mockingjay (The Hunger Games, #3)",Suzanne Collins,"Collins, Suzanne",,"=""1407132105""","=""9781407132105""",3,Scholastic Children's Books,Paperback,458,2011,2010,,2015/04/08,"sci-fi, young-adult","sci-fi (#4), young-adult (#9)",read,,,,2,1
22237290,"Hawkeye, Volume 4: Rio Bravo",Matt Fraction,"Fraction, Matt",Francesco Francavilla,"=""0785185313""","=""9780785185314""",5,Marvel,Paperback,160,2015,2015,2015/08/14,2015/04/08,comics,comics (#4),read,,,,1,0
20898019,"No Normal (Ms. Marvel, #1)",G. Willow Wilson,"Wilson, G. Willow","Adrian Alphona, Ian Herring","=""078519021X""","=""9780785190219""",4,Marvel Universe,Paperback,120,2014,2014,2015/06/04,2015/04/08,"comics, favourites, recommended","comics (#3), favourites (#30), recommended (#4)",read,,,,1,1
23017947,"Generation Why (Ms. Marvel, #2)",G. Willow Wilson,"Wilson, G. Willow","Jamie McKelvie, Jake Wyatt, Adrian Alphona","=""0785190228""","=""9780785190226""",5,Marvel Universe,Paperback,136,2015,2015,2015/08/06,2015/04/08,comics,comics (#5),read,,,,1,1
24831147,Go Set a Watchman,Harper Lee,"Lee, Harper",,"=""1785150286""","=""9781785150289""",4,William Heinemann,Hardcover,278,2015,2015,2015/08/06,2015/08/03,"historical, politics, classics","historical (#13), politics (#2), classics (#18)",read,,,,1,1
23799631,"Thor, Vol. 1: The Goddess of Thunder",Jason Aaron,"Aaron, Jason",,"=""1846536561""","=""9781846536564""",5,Marvel Comics,Paperback,116,2015,2015,2015/07/06,2015/05/08,"comics, recommended","comics (#7), recommended (#18)",read,,,,1,0
17718640,Relativity (Routledge Great Minds),Albert Einstein,"Einstein, Albert",Derek Raine,"=""0415854717""","=""9780415854719""",0,Routledge,Paperback,192,2013,1916,2015/08/02,2015/05/28,,,read,,,,1,0
18070787,Night Film,Marisha Pessl,"Pessl, Marisha",,"=""0099559242""","=""9780099559245""",4,WINDMILL,Paperback,602,2014,2013,2015/07/30,2015/07/18,thriller,thriller (#1),read,,,,1,1
1402359,"Essential Elements: Atoms, Quarks, and the Periodic Table (Mathemagical Ancient Wizdom)",Matt Tweed,"Tweed, Matt",,"=""1904263585""","=""9781904263586""",3,Wooden Books,Paperback,,2007,2003,2015/07/17,2015/07/17,non-fiction,non-fiction (#7),read,,,,1,1
17899544,"Hawkeye, Volume 3: L.A. Woman",Matt Fraction,"Fraction, Matt",,"=""0785183906""","=""9780785183907""",4,Marvel,Paperback,120,2014,2014,2015/07/01,2015/04/08,comics,comics (#6),read,,,,1,1
23300889,A Hero at the End of the World,Erin Claiborne,"Claiborne, Erin",Jade Liebes,"=""0990484408""","=""9780990484400""",3,Big Bang Press,Paperback,308,2014,2014,2015/06/30,2015/04/08,"young-adult, fantasy, humour","young-adult (#25), fantasy (#19), humour (#7)",read,,,,1,1
24874331,The Saga of Gunnlaug Serpent-tongue,Unknown,"Unknown, Unknown",Katrina C. Attwood,"=""0141397861""","=""9780141397863""",4,Penguin Classics,Paperback,53,2015,1983,2015/06/08,2015/06/08,little-black-classics,little-black-classics (#2),read,,,,1,0
12600138,"Ready Player One (Ready Player One, #1)",Ernest Cline,"Cline, Ernest",,"=""0307887448""","=""9780307887443""",4,Ballantine Books,Paperback,374,2012,2011,2014/04/15,2015/04/08,"sci-fi, young-adult, recommended","sci-fi (#9), young-adult (#43), recommended (#17)",read,,,,1,0
19174917,Fangirl,Rainbow Rowell,"Rowell, Rainbow",,"=""1447263227""","=""9781447263227""",5,Pan Macmillan,Paperback,461,2014,2013,2014/04/28,2015/04/08,"young-adult, romance, realism, recommended","young-adult (#4), romance (#3), realism (#1), recommended (#16)",read,,,,1,1
6408862,"Stolen (Stolen, #1)",Lucy Christopher,"Christopher, Lucy",,"=""1906427135""","=""9781906427139""",5,Chicken House Ltd,Paperback,304,2009,2009,,2015/05/28,"realism, romance, read-ages-ago, young-adult, favourites, recommended","realism (#20), romance (#34), read-ages-ago (#30), young-adult (#46), favourites (#28), recommended (#15)",read,,,,2,1
824420,Junk,Melvin Burgess,"Burgess, Melvin",,"=""0140380191""","=""9780140380194""",5,Penguin,Paperback,328,1997,1996,,2015/04/08,"read-ages-ago, romance, realism, young-adult, favourites, recommended","read-ages-ago (#25), romance (#29), realism (#18), young-adult (#41), favourites (#22), recommended (#14)",read,,,,2,1
24926015,Simon vs the Homo Sapiens Agenda,Becky Albertalli,"Albertalli, Becky",,"=""014135609X""","=""9780141356099""",4,PENGUIN,Paperback,312,2015,2015,2015/06/13,2015/06/11,"young-adult, lgbtqa, recommended","young-adult (#50), lgbtqa (#1), recommended (#12)",read,,,,1,1
13146186,Beauty Queens,Libba Bray,"Bray, Libba",,"=""0439895987""","=""9780439895989""",4,Scholastic Paperbacks,Paperback,390,2012,2011,2014/06/12,2015/04/08,"young-adult, humour, recommended","young-adult (#3), humour (#2), recommended (#11)",read,,,,1,1
816815,To Kill a Mockingbird,Harper Lee,"Lee, Harper",,"=""0099419785""","=""9780099419785""",5,RANDOM HOUSE UK,Mass Market Paperback,309,1989,1960,,2015/04/08,"classics, favourites, historical, recommended","classics (#5), favourites (#2), historical (#3), recommended (#10)",read,,,,2,1
437129,The Kite Runner,Khaled Hosseini,"Hosseini, Khaled",,"=""0747566534""","=""9780747566533""",5,Bloomsbury Publishing,Paperback,340,2004,2003,,2015/04/08,"favourites, historical, recommended","favourites (#26), historical (#11), recommended (#9)",read,,,,2,1
893136,The Book Thief,Markus Zusak,"Zusak, Markus",Trudy White,"=""0552773891""","=""9780552773898""",5,Black Swan,Paperback,554,2007,2005,2014/06/30,2015/04/08,"fantasy, historical, favourites, recommended","fantasy (#47), historical (#9), favourites (#25), recommended (#8)",read,,,,1,1
13611052,The Night Circus,Erin Morgenstern,"Morgenstern, Erin",,"=""""","=""""",5,"Vintage Books, Random House",Paperback,490,2012,2011,2013/02/19,2015/04/08,"fantasy, romance, recommended","fantasy (#15), romance (#4), recommended (#6)",read,,,,1,1
6794,Cloud Atlas,David  Mitchell,"Mitchell, David",,"=""0340822783""","=""9780340822784""",5,Sceptre,Paperback,529,2005,2004,,2015/04/08,"favourites, fantasy, recommended","favourites (#1), fantasy (#17), recommended (#5)",read,,,,1,1
774308,The Bell Jar,Sylvia Plath,"Plath, Sylvia",,"=""0571226167""","=""9780571226160""",5,Faber & Faber,Paperback,234,2005,1963,2014/06/16,2015/04/08,"classics, mental-illness, recommended","classics (#13), mental-illness (#4), recommended (#3)",read,,,,1,1
860532,I Capture the Castle,Dodie Smith,"Smith, Dodie",,"=""""","=""""",5,Vintage Classics,Paperback,408,2004,1948,,2015/04/08,"classics, favourites, historical, read-ages-ago, romance, recommended","classics (#11), favourites (#23), historical (#6), read-ages-ago (#26), romance (#30), recommended (#2)",read,,,,4,1
1001995,"Inkheart (Inkworld, #1)",Cornelia Funke,"Funke, Cornelia",Anthea Bell,"=""1904442218""","=""9781904442219""",5,Chicken House,Paperback,544,2004,2003,,2015/04/08,"fantasy, favourites, read-ages-ago, childrens, recommended","fantasy (#8), favourites (#10), read-ages-ago (#8), childrens (#5), recommended (#1)",read,,,,4,1
477725,Life of Pi,Yann Martel,"Martel, Yann",,"=""184195392X""","=""9781841953922""",5,Canongate,Paperback,319,2003,2001,,2015/04/08,"fantasy, favourites, philosophical","fantasy (#45), favourites (#24), philosophical (#3)",read,,,,1,1
24874295,The Beautifull Cassandra,Jane Austen,"Austen, Jane",,"=""0141397071""","=""9780141397078""",4,Penguin Classics,Paperback,55,2015,1793,2015/06/04,2015/06/04,"classics, little-black-classics","classics (#17), little-black-classics (#1)",read,,,,1,1
23769846,"Destined (House of Night, #9)",P.C. Cast,"Cast, P.C.",Kristin Cast,"=""""","=""""",1,Atom,Hardcover,325,2011,2011,,2015/05/28,"fantasy, young-adult","fantasy (#51), young-adult (#49)",read,,,,1,1
8670139,Great Expectations (The Penguin English Library),Charles Dickens,"Dickens, Charles",,"=""0141194367""","=""9780141194363""",4,Penguin Classics/Press,Paperback,528,2010,1861,,2015/05/28,"classics, historical","classics (#16), historical (#12)",read,,,,1,1
280654,A Gathering Light,Jennifer Donnelly,"Donnelly, Jennifer",,"=""0747570639""","=""9780747570639""",5,Bloomsbury,Paperback,380,2004,2003,,2015/05/28,"realism, young-adult, favourites","realism (#22), young-adult (#48), favourites (#29)",read,,,,1,1
2327180,Before I Die,Jenny Downham,"Downham, Jenny",,"=""0385613539""","=""9780385613538""",3,Random House Children's Books,Paperback,336,2007,2007,,2015/05/28,"romance, young-adult","romance (#35), young-adult (#47)",read,,,,1,1
858446,Out of the Blue,Sarah Ellis,"Ellis, Sarah",,"=""088899236X""","=""9780888992369""",4,Groundwood Books,Paperback,120,2001,1994,,2015/05/28,"childrens, read-ages-ago, realism","childrens (#20), read-ages-ago (#31), realism (#21)",read,,,,3,1
2201246,The Stuff of Nightmares,Malorie Blackman,"Blackman, Malorie",,"=""0385610432""","=""9780385610438""",4,,Paperback,341,2007,2007,,2015/05/28,"childrens, read-ages-ago","childrens (#19), read-ages-ago (#29)",read,,,,1,1
298291,Wuthering Heights,Emily Brontë,"Brontë, Emily",,"=""""","=""""",1,Penguin Books,Paperback,395,2006,1847,,2015/05/28,"classics, romance","classics (#15), romance (#33)",read,,,,1,1
15929565,Jane Eyre,Charlotte Brontë,"Brontë, Charlotte",,"=""""","=""""",5,Penguin Classics,Paperback,608,2009,1847,,2015/05/28,"classics, favourites, romance","classics (#14), favourites (#27), romance (#32)",read,,,,1,1
20756427,Magical Game Time: Vol. 1,Zac Gorman,"Gorman, Zac",,"=""""","=""""",4,"Bang Printing, Valencia, CA",Paperback,144,,2013,,2015/05/28,art-books,art-books (#3),read,,,,1,1
6294153,"The Society of S (Ethical Vampire, #1)",Susan Hubbard,"Hubbard, Susan",,"=""1406314978""","=""9781406314977""",4,Walker Books,Paperback,357,2008,2007,,2015/05/28,"fantasy, young-adult, read-ages-ago","fantasy (#50), young-adult (#45), read-ages-ago (#28)",read,,,,1,1
23346662,How to Build a Girl,Caitlin Moran,"Moran, Caitlin",,"=""0091949017""","=""9780091949013""",4,Ebury Publishing,Paperback,343,2014,2014,2015/05/24,2015/04/22,humour,humour (#6),read,,,,1,1
1618,The Curious Incident of the Dog in the Night-Time,Mark Haddon,"Haddon, Mark",,"=""1400032717""","=""9781400032716""",5,Vintage,Paperback,226,2004,2003,,2015/05/13,"read-ages-ago, mental-illness","read-ages-ago (#27), mental-illness (#5)",read,,,,1,0
834713,A Thousand Splendid Suns,Khaled Hosseini,"Hosseini, Khaled",,"=""0747582971""","=""9780747582977""",5,Bloomsbury Publishing,Paperback,372,2007,2007,,2015/04/08,historical,historical (#10),read,,,,1,1
12232938,The Lovely Bones,Alice Sebold,"Sebold, Alice",,"=""0316166685""","=""9780316166683""",5,"Little, Brown and Company",Mass Market Paperback,372,2006,2002,,2015/04/08,"crime, fantasy","crime (#4), fantasy (#49)",read,,,,1,1
18621059,The Hundred and One Dalmatians,Dodie Smith,"Smith, Dodie",,"=""""","=""""",4,Mammoth,Paperback,191,1990,1956,,2015/04/08,childrens,childrens (#18),read,,,,1,0
15704174,Gone Girl,Gillian Flynn,"Flynn, Gillian",,"=""""","=""""",4,Orion Books,Paperback,466,2013,2012,,2015/04/08,crime,crime (#3),read,,,,1,1
21535049,Any Other Mouth,Anneliese Mackintosh,"Mackintosh, Anneliese",,"=""1908754575""","=""9781908754578""",3,Freight Books,Paperback,259,2014,2014,2014/09/03,2015/04/08,non-fiction,non-fiction (#6),read,,,,1,1
17703757,Lucky,Alice Sebold,"Sebold, Alice",,"=""0330521012""","=""9780330521017""",4,Picador,Paperback,251,2010,1999,2014/07/01,2015/04/08,non-fiction,non-fiction (#5),read,,,,1,1
11735456,"A Feast for Crows (A Song of Ice and Fire, #4)",George R.R. Martin,"Martin, George R.R.",,"=""""","=""""",5,HarperVoyager,Paperback,852,2011,2005,2014/06/07,2015/04/08,fantasy,fantasy (#46),read,,,,1,1
9072701,The Great Gatsby,F. Scott Fitzgerald,"Fitzgerald, F. Scott",,"=""""","=""""",3,Penguin Group,Paperback,188,1994,1925,2014/03/28,2015/04/08,classics,classics (#12),read,,,,1,1
17345741,And the Mountains Echoed,Khaled Hosseini,"Hosseini, Khaled",,"=""1408842424""","=""9781408842423""",3,Bloomsbury Publishing ,Hardcover,404,2013,2012,2013/11/17,2015/04/08,historical,historical (#8),read,,,,1,0
147915,"A Storm of Swords 2: Blood and Gold (A Song of Ice and Fire, #3, Part 2 of 2)",George R.R. Martin,"Martin, George R.R.",,"=""0007119550""","=""9780007119554""",5,HarperVoyager ,Paperback,639,2011,2000,2013/09/12,2015/04/08,fantasy,fantasy (#44),read,,,,1,1
17118893,The Fault in Our Stars,John  Green,"Green, John",,"=""""","=""""",4,Penguin Books,Paperback,316,2013,2012,2013/08/20,2015/04/08,"realism, romance, young-adult","realism (#19), romance (#31), young-adult (#42)",read,,,,1,1
7327100,The Asylum for Wayward Victorian Girls,Emilie Autumn,"Autumn, Emilie",,"=""""","=""""",5,The Asylum Emporium,Hardcover,264,2009,2009,,2015/04/08,"historical, horror, mental-illness, non-fiction","historical (#7), horror (#1), mental-illness (#3), non-fiction (#4)",read,,,,2,1
11788811,"A Clash of Kings (A Song of Ice and Fire, #2)",George R.R. Martin,"Martin, George R.R.",,"=""""","=""""",5,HarperVoyager,Paperback,913,2011,1998,2013/07/08,2015/04/08,fantasy,fantasy (#42),read,,,,1,1
11788809,"A Game of Thrones (A Song of Ice and Fire, #1)",George R.R. Martin,"Martin, George R.R.",,"=""""","=""""",4,Harper Voyager,Paperback,780,2011,1996,2013/06/22,2015/04/08,fantasy,fantasy (#41),read,,,,1,1
15719754,The Quantum Universe: Everything That Can Happen Does Happen,Brian Cox,"Cox, Brian",Jeffrey R. Forshaw,"=""0241952700""","=""9780241952702""",2,Penguin Books Ltd,Paperback,242,2012,2011,2013/05/01,2015/04/08,non-fiction,non-fiction (#3),read,,,,1,1
18468222,Empty Roads and Broken Bottles,Charlotte Eriksson,"Eriksson, Charlotte",,"=""""","=""""",2,Charlotte Eriksson,Kindle Edition,115,2013,2013,2013/05/15,2015/04/08,"non-fiction, philosophical","non-fiction (#2), philosophical (#2)",read,,,,2,1
10518900,Looking for Alaska,John  Green,"Green, John",,"=""0007424833""","=""9780007424832""",3,HarperCollins Children's Books,Paperback,268,2011,2005,2013/03/06,2015/04/08,"romance, young-adult, realism","romance (#28), young-adult (#40), realism (#17)",read,,,,1,1
11529802,Lock and Key,Sarah Dessen,"Dessen, Sarah",,"=""""","=""""",3,Penguin,Kindle Edition,444,2009,2008,,2015/04/08,"read-ages-ago, realism, romance, young-adult","read-ages-ago (#24), realism (#16), romance (#27), young-adult (#39)",read,,,,1,1
1046475,Just Listen,Sarah Dessen,"Dessen, Sarah",,"=""0141322918""","=""9780141322919""",5,Penguin Group,Paperback,371,2007,2006,,2015/04/08,"favourites, read-ages-ago, realism, romance, young-adult","favourites (#21), read-ages-ago (#23), realism (#15), romance (#26), young-adult (#38)",read,,,,3,1
17118898,Nineteen Eighty-Four,George Orwell,"Orwell, George",,"=""0141393041""","=""9780141393049""",5,Penguin Books,Paperback,355,2013,1948,2014/08/17,2015/04/08,"classics, politics","classics (#3), politics (#1)",read,,,,1,1
16669567,The Silver Linings Playbook,Matthew Quick,"Quick, Matthew",,"=""1447219899""","=""9781447219897""",4,Picador,Paperback,289,2012,2008,2013/01/27,2015/04/08,"humour, realism, romance, mental-illness","humour (#5), realism (#14), romance (#25), mental-illness (#2)",read,,,,1,1
248704,It's Kind of a Funny Story,Ned Vizzini,"Vizzini, Ned",,"=""078685197X""","=""9780786851973""",3,Disney Hyperion,Paperback,444,2007,2006,2014/07/18,2015/04/08,"young-adult, romance, realism, mental-illness","young-adult (#1), romance (#1), realism (#3), mental-illness (#1)",read,,,,1,1
13010348,"Awakened (House of Night, #8)",P.C. Cast,"Cast, P.C.",Kristin Cast,"=""1905654847""","=""9781905654840""",1,St. Martin's Press,Hardcover,290,2011,2011,,2015/04/08,"fantasy, romance, young-adult","fantasy (#40), romance (#24), young-adult (#37)",read,,,,1,1
6917951,"Burned (House of Night, #7)",P.C. Cast,"Cast, P.C.",Kristin Cast,"=""1905654812""","=""9781905654819""",1,Atom,Paperback,325,2011,2010,,2015/04/08,"fantasy, romance, young-adult","fantasy (#39), romance (#23), young-adult (#36)",read,,,,1,1
6917229,Tempted (House of Night #6),P.C. Cast,"Cast, P.C.",Kristin Cast,"=""1905654804""","=""9781905654802""",2,ATOM,Hardcover,319,2009,2009,,2015/04/08,"fantasy, romance, young-adult","fantasy (#38), romance (#22), young-adult (#35)",read,,,,1,1
6274251,Hunted,P.C. Cast,"Cast, P.C.",Kristin Cast,"=""190565457X""","=""9781905654574""",4,ATOM,Paperback,439,2009,2009,,2015/04/08,"fantasy, romance, young-adult","fantasy (#37), romance (#21), young-adult (#34)",read,,,,2,1
6280121,"Chosen (House of Night, #3)",P.C. Cast,"Cast, P.C.",Kristin Cast,"=""1905654332""","=""9781905654338""",2,Atom,Paperback,322,2009,2008,,2015/04/08,"fantasy, romance, young-adult","fantasy (#35), romance (#19), young-adult (#32)",read,,,,2,1
7933622,"Betrayed (House of Night, #2)",P.C. Cast,"Cast, P.C.",Kristin Cast,"=""""","=""9781907410123""",3,Atom,Paperback,375,2010,2007,,2015/04/08,"fantasy, romance, young-adult","fantasy (#34), romance (#18), young-adult (#31)",read,,,,2,1
7933619,"Marked (House of Night, #1)",P.C. Cast,"Cast, P.C.",Kristin Cast,"=""1907410112""","=""9781907410116""",3,Atom,Paperback,348,2010,2007,,2015/04/08,"fantasy, romance, young-adult","fantasy (#33), romance (#17), young-adult (#30)",read,,,,2,1
3368983,Death Note Box Set,Tsugumi Ohba,"Ohba, Tsugumi",Takeshi Obata,"=""142152581X""","=""9781421525815""",4,VIZ Media LLC,Paperback,2424,2008,2006,2013/07/28,2015/04/08,manga,manga (#1),read,,,,1,1
2473561,Slam,Nick Hornby,"Hornby, Nick",,"=""014132449X""","=""9780141324494""",3,Penguin Books,Mass Market Paperback,342,2008,2007,,2015/04/08,"young-adult, realism","young-adult (#29), realism (#13)",read,,,,1,1
823138,A Long Way Down,Nick Hornby,"Hornby, Nick",,"=""0140287027""","=""9780140287028""",2,Penguin,Paperback,259,2006,2005,,2015/04/08,"humour, realism, read-ages-ago","humour (#4), realism (#12), read-ages-ago (#22)",read,,,,1,0
12788037,"Clockwork Prince (The Infernal Devices, #2)",Cassandra Clare,"Clare, Cassandra",,"=""1406321338""","=""9781406321333""",3,Walker Books,Paperback,498,2012,2011,2014/08/05,2015/04/08,"fantasy, romance, young-adult","fantasy (#31), romance (#15), young-adult (#27)",read,,,,1,1
15997501,The Silmarillion,J.R.R. Tolkien,"Tolkien, J.R.R.",Christopher Tolkien,"=""0007322569""","=""9780007322565""",4,HarperCollins,ebook,438,2010,1977,2014/02/27,2015/04/08,"classics, fantasy","classics (#9), fantasy (#28)",read,,,,1,1
3950967,"The Tales of Beedle the Bard (Hogwarts Library, #3)",J.K. Rowling,"Rowling, J.K.",Hermione Granger,"=""0747599874""","=""9780747599876""",4,Bloomsbury,Hardcover,105,2008,2008,,2015/04/08,"childrens, fantasy, short-stories","childrens (#16), fantasy (#27), short-stories (#2)",read,,,,1,1
820343,"Harry Potter and the Deathly Hallows (Harry Potter, #7)",J.K. Rowling,"Rowling, J.K.",,"=""0747591059""","=""9780747591054""",5,Bloomsbury Publishing,Hardcover,607,2007,2007,,2015/04/08,"childrens, fantasy, favourites, read-ages-ago","childrens (#15), fantasy (#26), favourites (#15), read-ages-ago (#21)",read,,,,5,0
864890,"Harry Potter and the Goblet of Fire (Harry Potter, #4)",J.K. Rowling,"Rowling, J.K.",,"=""0747550999""","=""9780747550990""",5,Bloomsbury Publishing,Paperback,636,2000,2000,,2015/04/08,"childrens, fantasy, read-ages-ago, favourites","childrens (#12), fantasy (#23), read-ages-ago (#18), favourites (#20)",read,,,,1,1
464164,"Harry Potter and the Prisoner of Azkaban (Harry Potter, #3)",J.K. Rowling,"Rowling, J.K.",,"=""0747546290""","=""9780747546290""",5,Bloomsbury Publishing,Paperback,317,1999,1999,,2015/04/08,"childrens, fantasy, read-ages-ago, favourites","childrens (#11), fantasy (#22), read-ages-ago (#16), favourites (#19)",read,,,,1,1
224912,"Harry Potter and the Chamber of Secrets (Harry Potter, #2)",J.K. Rowling,"Rowling, J.K.",,"=""""","=""""",5,Bloomsbury Publishing,Paperback,251,1998,1998,,2015/04/08,"childrens, fantasy, read-ages-ago, favourites","childrens (#10), fantasy (#21), read-ages-ago (#17), favourites (#18)",read,,,,1,1
444327,"Harry Potter and the Order of the Phoenix (Harry Potter, #5)",J.K. Rowling,"Rowling, J.K.",,"=""0747551006""","=""9780747551003""",5,Bloomsbury Publishing,Hardcover,766,2003,2003,,2015/04/08,"childrens, fantasy, read-ages-ago, favourites","childrens (#13), fantasy (#24), read-ages-ago (#19), favourites (#17)",read,,,,1,1
93124,"Harry Potter and the Half-Blood Prince (Harry Potter, #6)",J.K. Rowling,"Rowling, J.K.",,"=""0747581088""","=""9780747581086""",5,Bloomsbury Publishing,Hardcover,607,2005,2005,,2015/04/08,"childrens, fantasy, read-ages-ago, favourites","childrens (#14), fantasy (#25), read-ages-ago (#20), favourites (#16)",read,,,,1,1
8514667,Dragon Rider,Cornelia Funke,"Funke, Cornelia",,"=""1905294026""","=""9781905294022""",4,Gardners Books,Paperback,560,2005,1997,,2015/04/08,"fantasy, read-ages-ago, childrens","fantasy (#12), read-ages-ago (#12), childrens (#8)",read,,,,1,0
15845097,The Legend of Zelda: Hyrule Historia,Michael Gambos,"Gambos, Michael","Patrick Thorpe, Nintendo, Everett Patterson, Shigeru Miyamoto, Eiji Aonuma, Akira Himekawa, Takahiro Moriki, Heidi Plechl, Kumar Sivasubramanian, Aria Tanner, John Thomas, Cary Grazzini, Chris Horn, Ian  Tucker, Tina Alessi, Stephen Reichert","=""1616550414""","=""9781616550417""",4,Dark Horse Comics LLC,Hardcover,274,2013,2011,,2015/04/08,art-books,art-books (#2),read,,,,1,1
1022736,"Becoming Bindy Mackenzie (Ashbury/Brookfield, #3)",Jaclyn Moriarty,"Moriarty, Jaclyn",,"=""0330438859""","=""9780330438858""",5,Young Picador,Paperback,488,2007,2006,,2015/04/08,"read-ages-ago, young-adult, humour","read-ages-ago (#6), young-adult (#23), humour (#3)",read,,,,2,1
22473277,"Feeling Sorry for Celia (Ashbury/Brookfield, #1)",Jaclyn Moriarty,"Moriarty, Jaclyn",,"=""""","=""""",3,Young Picador,Library Binding,278,2004,2000,,2015/04/08,"read-ages-ago, young-adult, realism","read-ages-ago (#7), young-adult (#22), realism (#10)",read,,,,1,0
437974,A Swift Pure Cry,Siobhan Dowd,"Dowd, Siobhan",,"=""0385751087""","=""9780385751087""",4,David Fickling Books,Hardcover,320,2007,2006,,2015/04/08,"read-ages-ago, realism, young-adult, romance, historical","read-ages-ago (#1), realism (#9), young-adult (#21), romance (#13), historical (#4)",read,,,,1,0
553808,"Inkspell (Inkworld, #2)",Cornelia Funke,"Funke, Cornelia",Anthea Bell,"=""1904442838""","=""9781904442837""",5,The Chicken House,Paperback,685,2006,2005,,2015/04/08,"fantasy, favourites, read-ages-ago, childrens","fantasy (#9), favourites (#11), read-ages-ago (#10), childrens (#7)",read,,,,3,1
8930977,"I Am Number Four (Lorien Legacies, #1)",Pittacus Lore,"Lore, Pittacus",,"=""0141047844""","=""9780141047843""",2,Penguin,Paperback,391,2011,2010,,2015/04/08,"sci-fi, young-adult","sci-fi (#3), young-adult (#19)",read,,,,1,1
9822040,"City of Ashes (The Mortal Instruments, #2)",Cassandra Clare,"Clare, Cassandra",,"=""""","=""""",5,,Paperback,464,,2008,,2015/04/08,"favourites, fantasy, read-ages-ago, romance, young-adult","favourites (#8), fantasy (#5), read-ages-ago (#5), romance (#12), young-adult (#18)",read,,,,3,1
1757496,Okami Official Complete Works,Capcom,"Capcom, Capcom",Michelle Kirie Hayashi,"=""1897376022""","=""9781897376027""",5,UDON Entertainment,Paperback,288,2008,2006,,2015/04/08,art-books,art-books (#1),read,,,,1,1
1033348,Private Peaceful,Michael Morpurgo,"Morpurgo, Michael",,"=""0007150075""","=""9780007150076""",4,HarperCollinsChildren's Books,Paperback,187,2004,2003,,2015/04/08,"read-ages-ago, childrens","read-ages-ago (#13), childrens (#6)",read,,,,2,1
2325825,"Inkdeath (Inkworld, #3)",Cornelia Funke,"Funke, Cornelia",Anthea Bell,"=""1905294719""","=""9781905294718""",5,Chicken House,Hardcover,699,2007,2007,,2015/04/08,"fantasy, favourites, read-ages-ago, childrens","fantasy (#10), favourites (#12), read-ages-ago (#9), childrens (#3)",read,,,,2,1
5607787,"City of Glass (The Mortal Instruments, #3)",Cassandra Clare,"Clare, Cassandra",,"=""""","=""""",5,Walker Books,Paperback,508,2009,2009,,2015/04/08,"favourites, fantasy, romance, young-adult","favourites (#9), fantasy (#6), romance (#10), young-adult (#16)",read,,,,3,1
113304,The Thief Lord,Cornelia Funke,"Funke, Cornelia",,"=""1903434777""","=""9781903434772""",4,Chicken House,Paperback,350,2002,2000,,2015/04/08,"fantasy, read-ages-ago, childrens","fantasy (#11), read-ages-ago (#11), childrens (#2)",read,,,,1,0
13581049,"Uglies (Uglies, #1)",Scott Westerfeld,"Westerfeld, Scott",,"=""0857079131""","=""9780857079138""",3,Simon and Schuster,Paperback,425,2012,2005,,2015/04/08,"read-ages-ago, sci-fi, young-adult","read-ages-ago (#2), sci-fi (#7), young-adult (#15)",read,,,,1,1
880612,If Nobody Speaks of Remarkable Things,Jon McGregor,"McGregor, Jon",,"=""0747561575""","=""9780747561576""",4,Bloomsbury Publishing,Paperback,278,2003,2002,2012/05/15,2015/04/08,"realism, poetry","realism (#8), poetry (#1)",read,"<i>If nobody speaks of remarkable things how can they be called remarkable?</i><br/><br/>One neighbourhood filled with complex and interlinking lives. Poetic, insightful, and beautiful. It finds significance in the mundane. This is a lovely little book that reads like poetry.",,,1,0
12885649,"The Hunger Games (The Hunger Games, #1)",Suzanne Collins,"Collins, Suzanne",,"=""""","=""""",4,Scholastic Children's Books,Paperback,458,2011,2008,,2015/04/08,"sci-fi, young-adult","sci-fi (#6), young-adult (#13)",read,,,,2,1
2967050,The Truth about Forever,Sarah Dessen,"Dessen, Sarah",,"=""0141322926""","=""9780141322926""",4,PUFFIN BOOKS,Paperback,391,2008,2004,,2015/04/08,"read-ages-ago, young-adult, romance","read-ages-ago (#3), young-adult (#11), romance (#8)",read,,,,2,1
10677715,"The Power of Six (Lorien Legacies, #2)",Pittacus Lore,"Lore, Pittacus",,"=""071815648X""","=""9780718156480""",2,Michael Joseph,Hardcover,380,2011,2011,2012/06/07,2015/04/08,"sci-fi, young-adult","sci-fi (#2), young-adult (#10)",read,,,,1,1
8700058,"Clockwork Angel (The Infernal Devices, #1)",Cassandra Clare,"Clare, Cassandra",,"=""""","=""""",2,Walker Books Ltd,Paperback,482,2011,2010,2012/07/14,2015/04/08,"fantasy, romance, young-adult","fantasy (#7), romance (#7), young-adult (#8)",read,,,,1,1
4327066,The Perks of Being a Wallflower,Stephen Chbosky,"Chbosky, Stephen",,"=""1847394078""","=""9781847394071""",5,Simon & Schuster,Paperback,237,2009,1999,2012/08/05,2015/04/08,"favourites, young-adult, realism, romance","favourites (#13), young-adult (#7), realism (#7), romance (#6)",read,,,,1,1
11801869,The Book of Human Skin,Michelle Lovric,"Lovric, Michelle",,"=""1408809648""","=""9781408809648""",3,Bloomsbury,Paperback,466,2011,2010,2012/08/10,2015/04/08,historical,historical (#2),read,,,,1,1
11624994,How the Light Gets In,M.J. Hyland,"Hyland, M.J.",,"=""1406334499""","=""9781406334494""",4,GARDNERS VI BOOKS AMS006,Paperback,329,2011,2003,2012/08/14,2015/04/08,"young-adult, realism","young-adult (#6), realism (#6)",read,,,,1,1
11100298,"City of Fallen Angels (The Mortal Instruments, #4)",Cassandra Clare,"Clare, Cassandra",,"=""""","=""""",2,Walker Books,Paperback,435,2011,2011,2012/08/15,2015/04/08,"fantasy, young-adult, romance","fantasy (#13), young-adult (#5), romance (#5)",read,,,,1,1
10283368,Reckless (Mirrorworld #1),Cornelia Funke,"Funke, Cornelia",,"=""1906427658""","=""9781906427658""",3,Chicken House,Mass Market Paperback,352,2011,2010,2012/11/04,2015/04/08,"fantasy, childrens","fantasy (#14), childrens (#1)",read,,,,1,1
10818227,On the Road,Jack Kerouac,"Kerouac, Jack",,"=""0241951534""","=""9780241951538""",3,Penguin,Mass Market Paperback,281,2011,1957,2013/01/03,2015/04/08,"classics, travel","classics (#1), travel (#1)",read,,,,1,1
578651,The Catcher in the Rye,J.D. Salinger,"Salinger, J.D.",,"=""014023750X""","=""9780140237504""",4,Penguin Books,Paperback,192,1994,1951,2013/01/25,2015/04/08,"classics, realism","classics (#2), realism (#5)",read,,,,1,1
7856358,The Help,Kathryn Stockett,"Stockett, Kathryn",,"=""0141039280""","=""9780141039282""",5,Penguin Books,Paperback,444,2010,2009,2013/07/28,2015/04/08,"realism, historical","realism (#4), historical (#1)",read,,,,1,1
6998754,Nick & Norah's Infinite Playlist,Rachel Cohn,"Cohn, Rachel",David Levithan,"=""0375890769""","=""9780375890765""",2,Knopf Books for Young Readers,Kindle Edition,183,2007,2006,2014/06/13,2015/04/08,"young-adult, romance, realism","young-adult (#2), romance (#2), realism (#2)",read,,,,1,1
16002136,"Hawkeye, Volume 1: My Life as a Weapon",Matt Fraction,"Fraction, Matt","David Aja, Javier Pulido","=""0785165622""","=""9780785165620""",5,Marvel,Paperback,136,2013,2013,2014/12/08,2015/04/08,comics,comics (#2),read,,,,2,1
17277800,"Hawkeye, Volume 2: Little Hits",Matt Fraction,"Fraction, Matt","David Aja, Javier Pulido","=""0785165630""","=""9780785165637""",4,Marvel Universe,Paperback,136,2013,2013,2015/03/24,2015/04/08,comics,comics (#1),read,,,,1,1
14059458,About a Boy,Nick Hornby,"Hornby, Nick",,"=""0435017071""","=""9780435017071""",4,Penguin Books Ltd,Paperback,288,2010,1998,2012/12/17,2015/04/08,humour,humour (#1),read,,,,1,1
10742682,When God Was a Rabbit,Sarah Winman,"Winman, Sarah",,"=""""","=""""",4,Headline Review,Paperback,341,2011,2011,2012/10/04,2015/04/08,,,read,,,,1,1
17248749,"Behind the Beautiful Forevers: Life, Death and Hope in a Mumbai Slum",Katherine Boo,"Boo, Katherine",,"=""1846274516""","=""9781846274510""",2,Portobello Books Ltd,Paperback,256,2013,2012,2014/08/01,2015/04/08,non-fiction,non-fiction (#1),read,,,,1,1
